"Sample Number","Sampled Date","Partial Postal Code","Lead Amount ppb"
1991050,30-DEC-16,M9V,"0.0919"
1991054,30-DEC-16,M6K,"1.57"
1991058,29-DEC-16,M6G,"13.8"
1991052,28-DEC-16,M6G,"3.43"
1990624,28-DEC-16,M6H,"0.0907"
1991034,28-DEC-16,M6M,"2.36"
1991032,28-DEC-16,M4R,"0.251"
1991033,28-DEC-16,M6M,"<0.0500"
1991059,28-DEC-16,M6G,"0.136"
1991035,27-DEC-16,M6G,"0.783"
1990461,23-DEC-16,M4E,"1.79"
1991038,22-DEC-16,M6P,"1.68"
1991051,22-DEC-16,M6G,"0.447"
1991056,22-DEC-16,M4L,"2.40"
1991053,22-DEC-16,M6K,"1.28"
1990460,21-DEC-16,M9A,"<0.0500"
1991036,21-DEC-16,M5R,"<0.0500"
1987599,20-DEC-16,M6H,"0.0569"
1988693,20-DEC-16,M4L,"0.456"
1994214,19-DEC-16,M4K,"<0.0500"
1987597,19-DEC-16,M6P,"0.203"
1988694,19-DEC-16,M4W,"6.22"
1990625,19-DEC-16,M6K,"0.612"
1987433,19-DEC-16,M4H,"<0.0500"
2001115,19-DEC-16,M6P,"<0.0500"
1987263,16-DEC-16,M6G,"0.0694"
1987273,14-DEC-16,M6P,"0.585"
1987600,14-DEC-16,M5M,"0.105"
1991057,14-DEC-16,M2P,"0.0999"
1986645,14-DEC-16,M4E,"0.0772"
1987275,14-DEC-16,M6K,"0.487"
1987264,14-DEC-16,M6M,"0.0557"
1988689,13-DEC-16,M4J,"<0.0500"
1985328,13-DEC-16,M5V,"<0.0500"
1988691,13-DEC-16,M4J,"<0.0500"
1987262,13-DEC-16,M6R,"<0.0500"
1986647,12-DEC-16,M1N,"2.63"
1987270,12-DEC-16,M6C,"8.57"
1988690,12-DEC-16,M4E,"<0.0500"
1986646,12-DEC-16,M4M,"0.852"
1988692,12-DEC-16,M4J,"0.234"
1986648,11-DEC-16,M4T,"0.269"
1988697,09-DEC-16,M4J,"0.0724"
1988696,09-DEC-16,M1L,"0.477"
1988695,08-DEC-16,M4J,"0.0670"
1984153,08-DEC-16,M4E,"1.94"
1987272,08-DEC-16,M6P,"2.33"
1983731,07-DEC-16,M6P,"<0.0500"
1984152,07-DEC-16,M6C,"0.339"
1985327,07-DEC-16,M2R,"1.24"
1987274,07-DEC-16,M6R,"0.0980"
1984154,06-DEC-16,M4M,"0.118"
1983781,06-DEC-16,M4C,"0.515"
1984173,06-DEC-16,M6N,"0.153"
1982597,06-DEC-16,M4H,"2.14"
1984172,06-DEC-16,M5M,"18.2"
1983733,05-DEC-16,M4L,"0.609"
1984155,05-DEC-16,M4K,"0.179"
1983775,05-DEC-16,M6P,"0.114"
1982596,05-DEC-16,M4H,"0.197"
1983765,05-DEC-16,M8W,"1.28"
1987598,04-DEC-16,M1E,"<0.0500"
1983752,04-DEC-16,M6H,"0.103"
1999492,04-DEC-16,M4M,"0.159"
1983774,02-DEC-16,M1N,"3.91"
1983735,02-DEC-16,M4W,"<0.0500"
1983773,02-DEC-16,M2N,"0.395"
1983762,02-DEC-16,M4W,"3.29"
1982485,01-DEC-16,M4K,"0.897"
1982487,01-DEC-16,M4S,"2.00"
1983764,01-DEC-16,M4W,"<0.0500"
1984151,30-NOV-16,M5A,"0.807"
1984156,30-NOV-16,M4E,"1.80"
1983772,30-NOV-16,M4C,"1.93"
1980282,29-NOV-16,M9R,"0.810"
1982493,29-NOV-16,M4J,"<0.0500"
1982486,29-NOV-16,M6A,"<0.0500"
1981353,29-NOV-16,M4E,"<0.0500"
1980294,29-NOV-16,M1W,"<0.0500"
1981359,28-NOV-16,M4M,"0.201"
1981356,28-NOV-16,M6R,"1.67"
1983740,28-NOV-16,M6H,"0.132"
1980286,28-NOV-16,M4S,"0.0993"
1980316,27-NOV-16,M4J,"0.110"
1980287,27-NOV-16,M6M,"4.05"
1980283,25-NOV-16,M6E,"0.360"
1980288,25-NOV-16,M4C,"<0.0500"
1979894,25-NOV-16,M1T,"0.118"
1979893,25-NOV-16,M1T,"0.0670"
1980281,25-NOV-16,M6E,"0.0906"
1979892,25-NOV-16,M5R,"0.437"
1980310,24-NOV-16,M8Y,"0.0568"
1980285,24-NOV-16,M6R,"0.193"
1978518,23-NOV-16,M8Z,"<0.0500"
1980308,23-NOV-16,M6K,"3.11"
1978534,23-NOV-16,M6R,"0.0915"
1980289,23-NOV-16,M6H,"0.572"
1980284,22-NOV-16,M9C,"0.105"
1979891,22-NOV-16,M2N,"0.0990"
1980290,22-NOV-16,M5S,"<0.0500"
1984165,22-NOV-16,M5J,"0.0936"
1978564,21-NOV-16,M4C,"1.34"
1978537,20-NOV-16,M4J,"0.0536"
1978551,20-NOV-16,M5R,"9.44"
1978530,18-NOV-16,M6M,"1.88"
1978644,17-NOV-16,M4B,"0.602"
1978645,17-NOV-16,M4B,"0.412"
1978647,17-NOV-16,M4B,"1.21"
1977424,17-NOV-16,M6E,"1.53"
1978528,17-NOV-16,M6S,"1.62"
1977425,17-NOV-16,M5M,"<0.0500"
1978553,17-NOV-16,M1L,"0.349"
1975900,16-NOV-16,M4C,"0.300"
1978529,16-NOV-16,M6N,"<0.0500"
1978550,16-NOV-16,M1E,"0.125"
1975901,16-NOV-16,M4C,"1.44"
1978532,16-NOV-16,M6G,"1.47"
1978535,15-NOV-16,M6R,"2.33"
1976244,14-NOV-16,M4M,"2.29"
1975899,14-NOV-16,M4C,"2.08"
1978531,14-NOV-16,M8X,"<0.0500"
1976242,14-NOV-16,M6J,"1.06"
1975902,11-NOV-16,M4E,"<0.0500"
1980291,11-NOV-16,M6G,"36.0"
1976241,10-NOV-16,M6C,"0.0649"
1978533,09-NOV-16,M4J,"2.34"
1972301,08-NOV-16,M6J,"<0.0500"
1975011,08-NOV-16,M6R,"0.702"
1974156,08-NOV-16,M1R,"0.681"
1972580,07-NOV-16,M4K,"1.02"
1972586,07-NOV-16,M4R,"<0.0500"
1976243,07-NOV-16,M4K,"1.04"
1972325,07-NOV-16,M8W,"<0.0500"
1972544,07-NOV-16,M6J,"0.579"
1972583,07-NOV-16,M5N,"<0.0500"
1972573,04-NOV-16,M6C,"<0.0500"
1972651,04-NOV-16,M4J,"0.0565"
1972543,04-NOV-16,M6H,"2.84"
1972299,03-NOV-16,M8V,"0.230"
1972591,03-NOV-16,M4B,"<0.0500"
1971911,03-NOV-16,M2M,"0.0501"
1972309,03-NOV-16,M6H,"0.0768"
1972581,02-NOV-16,M4V,"<0.0500"
1972579,02-NOV-16,M5N,"0.0614"
1972585,02-NOV-16,M4V,"0.853"
1972326,02-NOV-16,M6K,"0.678"
1971910,01-NOV-16,M4P,"0.612"
1972308,01-NOV-16,M6P,"0.0616"
1972300,01-NOV-16,M6G,"<0.0500"
1972310,31-OCT-16,M6R,"1.26"
1972584,31-OCT-16,M4K,"0.685"
1972572,30-OCT-16,M5A,"0.350"
1971909,29-OCT-16,M5M,"0.922"
1972582,29-OCT-16,M6S,"1.83"
1970544,29-OCT-16,M4C,"2.30"
1967289,28-OCT-16,M4J,"0.232"
1967291,26-OCT-16,M4L,"<0.0500"
1972312,26-OCT-16,M1N,"1.31"
1967290,25-OCT-16,M4K,"0.0623"
1965576,25-OCT-16,M9A,"<0.0500"
1972576,25-OCT-16,M6J,"1.69"
1965574,24-OCT-16,M6C,"0.0875"
1967288,24-OCT-16,M4J,"1.86"
1965590,22-OCT-16,M6A,"0.0592"
1965596,21-OCT-16,M8Y,"<0.0500"
1965595,20-OCT-16,M8Y,"0.498"
1965021,20-OCT-16,M2N,"0.0508"
1965575,20-OCT-16,M8X,"<0.0500"
1965571,20-OCT-16,M4E,"0.0613"
1965587,19-OCT-16,M6R,"<0.0500"
1965573,19-OCT-16,M4M,"3.49"
1963459,19-OCT-16,M6K,"8.13"
1965572,19-OCT-16,M4S,"2.34"
1963403,18-OCT-16,M4J,"0.455"
1963449,18-OCT-16,M6P,"0.0573"
1963447,18-OCT-16,M6H,"0.494"
1963400,18-OCT-16,M6E,"0.559"
1963460,18-OCT-16,M8V,"0.0544"
1963467,17-OCT-16,M6K,"1.15"
1963456,17-OCT-16,M4L,"1.44"
1963419,17-OCT-16,M4E,"0.221"
1963451,17-OCT-16,M4P,"0.0918"
1963431,14-OCT-16,M4E,"1.62"
1961545,14-OCT-16,M3H,"<0.0500"
1963426,14-OCT-16,M4V,"1.41"
1963462,13-OCT-16,M6K,"0.734"
1963450,13-OCT-16,M5R,"2.36"
1959687,12-OCT-16,M4J,"<0.0500"
1960079,12-OCT-16,M5J,"0.0747"
1961544,07-OCT-16,M3A,"0.120"
1959701,07-OCT-16,M4J,"0.852"
1958323,05-OCT-16,M6M,"0.114"
1958337,04-OCT-16,M6S,"2.55"
1959703,04-OCT-16,M8V,"0.0638"
1958330,04-OCT-16,M4K,"0.150"
1958367,04-OCT-16,M6H,"1.30"
1957843,03-OCT-16,M4P,"4.86"
1959705,03-OCT-16,M9N,"1.29"
1957148,03-OCT-16,M4L,"3.25"
1957149,03-OCT-16,M4K,"0.447"
1957845,03-OCT-16,M8V,"<0.0500"
1959686,02-OCT-16,M8V,"0.0582"
1957842,01-OCT-16,M4W,"1.67"
1959704,30-SEP-16,M8X,"0.429"
1956090,30-SEP-16,M4P,"0.0939"
1958368,30-SEP-16,M4E,"0.348"
1957844,29-SEP-16,M6P,"1.57"
1961639,29-SEP-16,M1T,"<0.0500"
1954393,29-SEP-16,M9W,"0.137"
1959685,28-SEP-16,M9A,"<0.0500"
1959702,28-SEP-16,M6H,"1.04"
1954382,27-SEP-16,M4E,"<0.0500"
1954628,27-SEP-16,M4R,"2.03"
1954395,27-SEP-16,M4S,"2.15"
1954380,27-SEP-16,M4V,"1.33"
1954635,27-SEP-16,M6J,"0.194"
1956091,27-SEP-16,M5M,"2.98"
1954629,26-SEP-16,M4J,"1.10"
1954384,26-SEP-16,M4K,"0.971"
1954385,26-SEP-16,M4C,"0.0921"
1954383,26-SEP-16,M6R,"0.0552"
1954394,23-SEP-16,M4C,"4.86"
1954627,23-SEP-16,M4C,"12.0"
1956099,22-SEP-16,M5M,"0.889"
1951786,21-SEP-16,M4C,"5.58"
1954381,21-SEP-16,M4J,"0.266"
1950592,21-SEP-16,M6P,"0.0972"
1954386,20-SEP-16,M9W,"0.0757"
1954387,20-SEP-16,M6G,"0.601"
1950587,20-SEP-16,M6N,"1.71"
1951784,20-SEP-16,M1N,"0.216"
1951783,20-SEP-16,M4M,"1.62"
1951787,20-SEP-16,M4L,"0.104"
1951785,20-SEP-16,M4E,"<0.0500"
1950589,19-SEP-16,M4K,"0.836"
1950590,19-SEP-16,M9R,"0.0619"
1950558,19-SEP-16,M9P,"<0.0500"
1950416,19-SEP-16,M6H,"2.02"
1950582,19-SEP-16,M5M,"1.70"
1954632,19-SEP-16,M4R,"0.664"
1954630,19-SEP-16,M6J,"<0.0500"
1950594,19-SEP-16,M9P,"<0.0500"
1950420,19-SEP-16,M6G,"7.09"
1950583,19-SEP-16,M8V,"0.0620"
1950591,19-SEP-16,M9P,"0.114"
1950412,17-SEP-16,M6G,"0.0654"
1950414,17-SEP-16,M6C,"<0.0500"
1950421,16-SEP-16,M6G,"0.0567"
1950556,16-SEP-16,M6S,"<0.0500"
1951789,16-SEP-16,M1L,"0.188"
1950593,16-SEP-16,M6G,"<0.0500"
1950423,16-SEP-16,M6N,"<0.0500"
1950415,15-SEP-16,M3H,"0.636"
1950419,15-SEP-16,M6E,"0.0640"
1951788,15-SEP-16,M4E,"0.169"
1950418,15-SEP-16,M6P,"0.0567"
1950413,14-SEP-16,M6E,"0.770"
1950557,14-SEP-16,M8X,"0.106"
1947552,14-SEP-16,M6P,"0.0632"
1947746,14-SEP-16,M6S,"<0.0500"
1947558,14-SEP-16,M4S,"1.18"
1950586,13-SEP-16,M4N,"0.153"
1950588,13-SEP-16,M1N,"0.0508"
1947560,13-SEP-16,M6R,"0.652"
1950411,13-SEP-16,M6P,"0.0629"
1950417,13-SEP-16,M6M,"<0.0500"
1948991,13-SEP-16,M4M,"0.196"
1948989,13-SEP-16,M4C,"0.301"
1950540,12-SEP-16,M4G,"<0.0500"
1947557,12-SEP-16,M4G,"0.263"
1950585,12-SEP-16,M1C,"0.0647"
1947554,12-SEP-16,M6G,"0.374"
1947748,12-SEP-16,M6S,"<0.0500"
1947749,11-SEP-16,M8Z,"1.98"
1947556,10-SEP-16,M6C,"2.53"
1947553,09-SEP-16,M4G,"0.185"
1947555,09-SEP-16,M5B,"<0.0500"
1948990,09-SEP-16,M4G,"<0.0500"
1950584,09-SEP-16,M1B,"0.0827"
1947745,08-SEP-16,M4R,"2.56"
1947559,08-SEP-16,M6N,"2.40"
1945767,07-SEP-16,M4J,"0.0950"
1945790,07-SEP-16,M6S,"0.280"
1947747,07-SEP-16,M6C,"0.117"
1947550,07-SEP-16,M6J,"0.0611"
1945769,06-SEP-16,M4J,"0.0776"
1945781,06-SEP-16,M4X,"0.0652"
1945764,05-SEP-16,M4C,"1.40"
1945783,03-SEP-16,M6H,"1.76"
1970545,03-SEP-16,M4C,"1.79"
1943893,02-SEP-16,M2N,"0.169"
1945780,02-SEP-16,M6G,"0.0699"
1945765,02-SEP-16,M8W,"0.211"
1942603,01-SEP-16,M4C,"1.06"
1945802,31-AUG-16,M4T,"2.75"
1945797,31-AUG-16,M6K,"0.714"
1945800,31-AUG-16,M4W,"0.212"
1942598,31-AUG-16,M4J,"0.658"
1945768,31-AUG-16,M8Z,"<0.0500"
1945782,31-AUG-16,M5J,"0.402"
1945815,31-AUG-16,M4K,"0.0562"
1945801,31-AUG-16,M5R,"<0.0500"
1942608,31-AUG-16,M4J,"1.63"
1950539,31-AUG-16,M2H,"0.0834"
1942599,31-AUG-16,M2H,"2.82"
1945799,31-AUG-16,M1E,"0.161"
1943903,31-AUG-16,M6L,"0.0818"
1941357,30-AUG-16,M6P,"0.127"
1945763,30-AUG-16,M8Y,"0.619"
1941564,30-AUG-16,M1P,"<0.0500"
1945833,30-AUG-16,M5V,"<0.0500"
1941164,30-AUG-16,M8X,"0.198"
1942600,30-AUG-16,M4C,"18.1"
1941358,30-AUG-16,M4M,"1.40"
1942597,29-AUG-16,M4C,"8.83"
1941156,29-AUG-16,M8W,"<0.0500"
1942602,29-AUG-16,M4E,"1.47"
1941162,27-AUG-16,M6G,"1.60"
1941589,27-AUG-16,M5A,"0.232"
1941356,27-AUG-16,M4N,"3.47"
1941355,26-AUG-16,M5T,"0.485"
1942601,26-AUG-16,M4E,"0.185"
1941163,26-AUG-16,M6K,"0.308"
1941563,25-AUG-16,M1L,"<0.0500"
1941130,25-AUG-16,M9B,"0.198"
1941176,25-AUG-16,M5P,"0.283"
1940131,25-AUG-16,M4R,"<0.0500"
1939753,24-AUG-16,M4M,"0.0590"
1939894,24-AUG-16,M6S,"0.0932"
1939875,24-AUG-16,M6R,"0.169"
1941174,24-AUG-16,M4T,"6.28"
1941359,24-AUG-16,M5N,"0.968"
1941133,24-AUG-16,M4N,"<0.0500"
1940155,24-AUG-16,M6S,"0.0921"
1939747,24-AUG-16,M4L,"0.843"
1940164,23-AUG-16,M6N,"0.778"
1941129,23-AUG-16,M4N,"0.0690"
1939750,23-AUG-16,M4L,"0.146"
1939873,23-AUG-16,M6P,"0.0874"
1939874,23-AUG-16,M8V,"<0.0500"
1941175,23-AUG-16,M4N,"0.0629"
1940173,23-AUG-16,M6G,"1.39"
1940132,23-AUG-16,M4S,"0.780"
1939744,22-AUG-16,M4L,"0.0880"
1939895,22-AUG-16,M4M,"<0.0500"
1939738,22-AUG-16,M4J,"<0.0500"
1938552,22-AUG-16,M9C,"0.107"
1938553,22-AUG-16,M9A,"<0.0500"
1939742,22-AUG-16,M4K,"0.828"
1941127,19-AUG-16,M2R,"0.115"
1940153,19-AUG-16,M6P,"1.89"
1938328,19-AUG-16,M5N,"<0.0500"
1938326,19-AUG-16,M4N,"0.118"
1938329,18-AUG-16,M4L,"0.0947"
1938331,18-AUG-16,M2N,"0.0801"
1938332,18-AUG-16,M6A,"0.0568"
1936564,18-AUG-16,M4K,"1.53"
1938551,18-AUG-16,M6S,"0.111"
1939736,18-AUG-16,M4C,"<0.0500"
1939872,18-AUG-16,M4L,"1.52"
1938327,18-AUG-16,M2J,"0.259"
1941561,18-AUG-16,M1K,"<0.0500"
1938330,18-AUG-16,M2N,"0.0615"
1936585,17-AUG-16,M4T,"0.0953"
1936553,17-AUG-16,M6S,"10.5"
1939877,17-AUG-16,M4V,"1.36"
1940166,17-AUG-16,M6B,"0.221"
1941562,17-AUG-16,M4E,"0.333"
1936554,17-AUG-16,M6H,"0.435"
1936538,17-AUG-16,M6P,"4.55"
1936552,17-AUG-16,M4C,"3.89"
1935897,16-AUG-16,M6S,"0.233"
1936539,15-AUG-16,M4C,"<0.0500"
1935898,15-AUG-16,M6R,"0.233"
1936543,15-AUG-16,M4M,"4.28"
1935031,15-AUG-16,M6P,"0.142"
1936541,15-AUG-16,M1L,"<0.0500"
1940133,15-AUG-16,M4C,"<0.0500"
1935034,15-AUG-16,M5M,"0.212"
1936540,15-AUG-16,M4K,"0.111"
1935004,14-AUG-16,M5M,"1.51"
1935002,12-AUG-16,M4C,"12.5"
1936542,12-AUG-16,M4J,"18.9"
1935155,12-AUG-16,M6N,"51.2"
1934823,11-AUG-16,M4N,"0.0756"
1934772,11-AUG-16,M4K,"0.126"
1935906,11-AUG-16,M6S,"0.300"
1934966,11-AUG-16,M6E,"6.38"
1935029,11-AUG-16,M4E,"0.579"
1934948,11-AUG-16,M6J,"2.15"
1935003,11-AUG-16,M4E,"1.06"
1935931,11-AUG-16,M6K,"0.728"
1934774,10-AUG-16,M3L,"0.0957"
1935158,10-AUG-16,M6P,"<0.0500"
1934773,10-AUG-16,M5R,"0.536"
1934963,09-AUG-16,M6G,"0.914"
1934775,09-AUG-16,M4S,"0.108"
1932805,09-AUG-16,M4S,"0.0565"
1941586,09-AUG-16,M6P,"1.02"
1935896,09-AUG-16,M6S,"0.652"
1932780,08-AUG-16,M9B,"<0.0500"
1935924,08-AUG-16,M6P,"0.304"
1932796,08-AUG-16,M5V,"0.0532"
1932802,08-AUG-16,M4L,"0.278"
1932781,08-AUG-16,M5R,"0.383"
1932801,08-AUG-16,M4J,"1.52"
1935142,08-AUG-16,M6R,"0.180"
1932799,08-AUG-16,M6E,"<0.0500"
1934776,08-AUG-16,M3H,"0.0656"
1932778,08-AUG-16,M2P,"0.327"
1935152,08-AUG-16,M6S,"0.687"
1932800,05-AUG-16,M4S,"2.29"
1941588,05-AUG-16,M1R,"<0.0500"
1941548,04-AUG-16,M4E,"2.35"
1932797,04-AUG-16,M4J,"1.57"
1932804,04-AUG-16,M4K,"1020"
1932779,03-AUG-16,M6J,"0.715"
1935262,03-AUG-16,M6K,"<0.0500"
1932784,03-AUG-16,M4E,"<0.0500"
1935899,03-AUG-16,M6S,"11.5"
1932795,03-AUG-16,M4M,"<0.0500"
1932793,02-AUG-16,M6H,"0.0520"
1934955,02-AUG-16,M4L,"1.17"
1932782,02-AUG-16,M5R,"<0.0500"
1928953,02-AUG-16,M4E,"0.496"
1927952,01-AUG-16,M4S,"<0.0500"
1941587,01-AUG-16,M1P,"0.0629"
1927962,29-JUL-16,M4X,"<0.0500"
1928954,29-JUL-16,M4G,"0.106"
1928955,29-JUL-16,M4G,"1.12"
1928951,29-JUL-16,M4M,"2.05"
1928952,29-JUL-16,M4J,"0.186"
1927967,29-JUL-16,M6S,"0.712"
1927969,29-JUL-16,M6C,"<0.0500"
1927965,28-JUL-16,M6N,"<0.0500"
1926305,28-JUL-16,M8X,"<0.0500"
1927966,28-JUL-16,M4L,"1.47"
1927964,27-JUL-16,M6H,"0.253"
1927440,27-JUL-16,M4P,"0.0577"
1927963,27-JUL-16,M6C,"3.16"
1927970,27-JUL-16,M6L,"<0.0500"
1926069,27-JUL-16,M4L,"1.41"
1927951,26-JUL-16,M6R,"0.440"
1927968,26-JUL-16,M6P,"0.199"
1925009,26-JUL-16,M4J,"<0.0500"
1927961,26-JUL-16,M6H,"0.464"
1926308,25-JUL-16,M4L,"2.04"
1924392,25-JUL-16,M2J,"<0.0500"
1925017,25-JUL-16,M3A,"<0.0500"
1925015,25-JUL-16,M6H,"0.153"
1925028,22-JUL-16,M6P,"<0.0500"
1925014,22-JUL-16,M6K,"0.521"
1924394,22-JUL-16,M6A,"0.233"
1924996,21-JUL-16,M4E,"<0.0500"
1924997,21-JUL-16,M6G,"0.121"
1924391,21-JUL-16,M2N,"0.306"
1926307,21-JUL-16,M4J,"0.178"
1922818,21-JUL-16,M4M,"0.272"
1925030,20-JUL-16,M6S,"0.147"
1924393,20-JUL-16,M1R,"<0.0500"
1925033,20-JUL-16,M8V,"<0.0500"
1926309,20-JUL-16,M6G,"3.17"
1923283,20-JUL-16,M4E,"0.328"
1924998,20-JUL-16,M6P,"1.24"
1925020,20-JUL-16,M6G,"1.27"
1925018,19-JUL-16,M8V,"0.0644"
1924390,19-JUL-16,M5M,"0.0701"
1925021,19-JUL-16,M4M,"0.281"
1926304,19-JUL-16,M5M,"2.95"
1924403,18-JUL-16,M2M,"<0.0500"
1925019,18-JUL-16,M6H,"0.0506"
1924389,18-JUL-16,M8Y,"12.7"
1923269,18-JUL-16,M4G,"<0.0500"
1922821,18-JUL-16,M6C,"1.47"
1924999,18-JUL-16,M8V,"9.17"
1922820,17-JUL-16,M4S,"0.129"
1922823,15-JUL-16,M4J,"0.654"
1936544,15-JUL-16,M4C,"2.53"
1921148,15-JUL-16,M2K,"3.13"
1923276,15-JUL-16,M4C,"0.0776"
1922819,14-JUL-16,M6P,"0.202"
1921111,14-JUL-16,M1M,"0.156"
1919051,13-JUL-16,M6R,"0.0613"
1921150,13-JUL-16,M8V,"0.0517"
1919038,13-JUL-16,M5R,"0.117"
1919094,13-JUL-16,M6C,"0.0769"
1919101,13-JUL-16,M5S,"0.0604"
1919050,13-JUL-16,M4J,"1.44"
1919036,13-JUL-16,M6R,"0.185"
1919098,13-JUL-16,M6S,"3.12"
1918806,13-JUL-16,M4G,"0.329"
1927960,13-JUL-16,M6M,"11.1"
1922824,13-JUL-16,M6E,"0.264"
1919123,13-JUL-16,M4J,"1.89"
1919122,12-JUL-16,M6P,"0.166"
1918813,12-JUL-16,M4L,"0.415"
1919124,12-JUL-16,M4R,"2.90"
1917731,12-JUL-16,M1R,"<0.0500"
1918766,12-JUL-16,M6H,"0.165"
1919091,12-JUL-16,M6A,"<0.0500"
1918808,12-JUL-16,M4S,"7.54"
1921087,11-JUL-16,M5M,"<0.0500"
1919043,11-JUL-16,M6B,"0.0793"
1918812,11-JUL-16,M4E,"1.15"
1919118,11-JUL-16,M5V,"1.83"
1921085,11-JUL-16,M4R,"<0.0500"
1922822,10-JUL-16,M4G,"0.515"
1918807,10-JUL-16,M4B,"<0.0500"
1918804,10-JUL-16,M4B,"<0.0500"
1917575,10-JUL-16,M8Z,"0.0527"
1917729,08-JUL-16,M6E,"3.71"
1919034,08-JUL-16,M4E,"0.620"
1921147,08-JUL-16,M3H,"<0.0500"
1919040,07-JUL-16,M5R,"1.11"
1919039,07-JUL-16,M6H,"0.113"
1921151,07-JUL-16,M4N,"3.40"
1917730,07-JUL-16,M5N,"0.820"
1917733,07-JUL-16,M1S,"0.168"
1918805,07-JUL-16,M4C,"1.33"
1921077,07-JUL-16,M6G,"0.391"
1936584,06-JUL-16,M4K,"2.65"
1921149,06-JUL-16,M6B,"<0.0500"
1914554,06-JUL-16,M8X,"0.0620"
1917574,06-JUL-16,M6S,"0.0743"
1915528,06-JUL-16,M4E,"0.520"
1915527,06-JUL-16,M1N,"<0.0500"
1917732,06-JUL-16,M1P,"0.0871"
1915704,06-JUL-16,M4G,"<0.0500"
1919035,06-JUL-16,M6K,"9.89"
1915564,05-JUL-16,M4C,"1.23"
1917572,05-JUL-16,M9W,"0.0871"
1919099,05-JUL-16,M4G,"0.108"
1914537,04-JUL-16,M6B,"0.0611"
1917573,04-JUL-16,M3H,"0.0766"
1914555,30-JUN-16,M9R,"<0.0500"
1914550,30-JUN-16,M6K,"0.331"
1914551,30-JUN-16,M5N,"0.176"
1912949,29-JUN-16,M4J,"4.67"
1914557,29-JUN-16,M5R,"0.329"
1914556,29-JUN-16,M6G,"<0.0500"
1912908,29-JUN-16,M4C,"0.0598"
1914683,29-JUN-16,M5R,"0.317"
1912905,28-JUN-16,M4C,"2.47"
1912907,28-JUN-16,M4J,"0.710"
1912956,28-JUN-16,M4E,"<0.0500"
1921137,27-JUN-16,M6M,"0.137"
1914536,27-JUN-16,M4M,"0.661"
1911914,27-JUN-16,M6R,"1.12"
1911898,27-JUN-16,M6S,"<0.0500"
1911928,27-JUN-16,M6R,"0.595"
1915716,27-JUN-16,M6R,"<0.0500"
1926306,26-JUN-16,M4M,"0.881"
1911919,24-JUN-16,M6S,"3.68"
1911938,24-JUN-16,M6N,"0.0655"
1911936,23-JUN-16,M6J,"0.451"
1921099,22-JUN-16,M9N,"<0.0500"
1921088,22-JUN-16,M4N,"0.0739"
1911901,22-JUN-16,M4E,"1.30"
1911907,22-JUN-16,M4T,"2.75"
1921109,22-JUN-16,M4S,"<0.0500"
1911929,22-JUN-16,M6P,"2.97"
1911937,21-JUN-16,M9A,"0.0604"
1911899,21-JUN-16,M6G,"0.0775"
1912953,21-JUN-16,M4K,"0.352"
1909717,21-JUN-16,M6H,"11.4"
1909718,21-JUN-16,M6H,"2.52"
1911900,21-JUN-16,M6H,"1.38"
1912906,21-JUN-16,M4L,"2.54"
1911918,21-JUN-16,M9A,"<0.0500"
1914129,20-JUN-16,M4B,"0.0914"
1912909,20-JUN-16,M4C,"0.203"
1914128,20-JUN-16,M3A,"69.4"
1912904,19-JUN-16,M4C,"0.229"
1909734,19-JUN-16,M4S,"1.79"
1911943,18-JUN-16,M4K,"1.52"
1908473,17-JUN-16,M9C,"0.106"
1908472,17-JUN-16,M6P,"1.54"
1909735,17-JUN-16,M6K,"0.319"
1909732,17-JUN-16,M4J,"0.115"
1909719,17-JUN-16,M5V,"1.50"
1909752,17-JUN-16,M3L,"0.0717"
1909736,17-JUN-16,M6J,"0.214"
1912950,17-JUN-16,M4C,"0.619"
1909737,17-JUN-16,M6N,"0.659"
1909708,17-JUN-16,M5M,"1.20"
1909727,16-JUN-16,M5N,"0.880"
1914130,16-JUN-16,M1T,"0.111"
1909723,15-JUN-16,M6K,"0.381"
1908471,15-JUN-16,M6R,"3.15"
1909710,15-JUN-16,M6M,"<0.0500"
1909744,15-JUN-16,M6R,"<0.0500"
1909721,15-JUN-16,M5P,"1.79"
1909712,15-JUN-16,M6P,"0.883"
1906091,14-JUN-16,M4K,"0.0697"
1909724,14-JUN-16,M6K,"0.0574"
1909733,14-JUN-16,M6C,"0.466"
1909758,14-JUN-16,M6C,"0.0556"
1914127,14-JUN-16,M1E,"0.0964"
1909722,14-JUN-16,M6N,"1.25"
1905056,13-JUN-16,M8V,"2.13"
1906084,13-JUN-16,M4C,"0.818"
1919037,12-JUN-16,M6H,"0.341"
1909755,12-JUN-16,M4C,"4.22"
1905049,12-JUN-16,M6G,"10.8"
1905065,12-JUN-16,M4S,"0.200"
1906085,10-JUN-16,M4E,"0.0649"
1905044,09-JUN-16,M6K,"1.76"
1905047,09-JUN-16,M9W,"0.198"
1905085,09-JUN-16,M6S,"0.101"
1905054,09-JUN-16,M5R,"0.517"
1905087,09-JUN-16,M1L,"<0.0500"
1905045,09-JUN-16,M9B,"0.120"
1905050,09-JUN-16,M6J,"1.43"
1902549,08-JUN-16,M5M,"1.06"
1945766,08-JUN-16,M9W,"0.324"
1905051,08-JUN-16,M6S,"0.842"
1905048,08-JUN-16,M6E,"0.0522"
1902531,08-JUN-16,M4M,"0.111"
1905088,07-JUN-16,M2H,"<0.0500"
1908470,07-JUN-16,M6S,"1.33"
1905079,07-JUN-16,M6P,"0.582"
1901596,07-JUN-16,M4S,"<0.0500"
1905057,07-JUN-16,M4P,"1.60"
1905046,07-JUN-16,M6B,"<0.0500"
1905052,07-JUN-16,M4K,"<0.0500"
1905066,07-JUN-16,M5R,"<0.0500"
1901593,06-JUN-16,M6C,"0.0684"
1905053,06-JUN-16,M6R,"2.29"
1902577,06-JUN-16,M4E,"2.80"
1901604,06-JUN-16,M8V,"0.715"
1901591,06-JUN-16,M1E,"0.0508"
1901597,06-JUN-16,M4C,"0.313"
1902553,06-JUN-16,M4L,"2.26"
1901607,06-JUN-16,M6K,"0.203"
1901592,06-JUN-16,M6S,"2.47"
1901605,06-JUN-16,M6S,"1.09"
1901121,06-JUN-16,M6A,"0.147"
1901118,06-JUN-16,M4N,"2.32"
1902575,06-JUN-16,M4C,"1.24"
1901595,06-JUN-16,M6E,"0.708"
1901113,06-JUN-16,M2N,"<0.0500"
1901626,03-JUN-16,M6P,"0.418"
1902546,03-JUN-16,M4L,"0.0739"
1902550,03-JUN-16,M4K,"0.0560"
1905043,03-JUN-16,M6K,"2.11"
1901613,02-JUN-16,M9V,"0.0505"
1901609,02-JUN-16,M6H,"<0.0500"
1902532,02-JUN-16,M4L,"0.286"
1902571,02-JUN-16,M4B,"3.36"
1901122,02-JUN-16,M5M,"3.97"
1902552,02-JUN-16,M4J,"0.120"
1902579,02-JUN-16,M4C,"<0.0500"
1901603,01-JUN-16,M6E,"0.617"
1901612,01-JUN-16,M4A,"0.0657"
1901594,01-JUN-16,M1S,"0.104"
1902551,01-JUN-16,M4C,"1.02"
1901610,01-JUN-16,M6G,"0.0914"
1901628,31-MAY-16,M6K,"1.39"
1901627,31-MAY-16,M6K,"2.98"
1911935,31-MAY-16,M6E,"0.595"
1897607,31-MAY-16,M6M,"1.36"
1902547,30-MAY-16,M4L,"0.452"
1897621,30-MAY-16,M4C,"0.574"
1897575,30-MAY-16,M4G,"0.367"
1897584,30-MAY-16,M9P,"<0.0500"
1901125,29-MAY-16,M2N,"<0.0500"
1897595,27-MAY-16,M8V,"0.0591"
1902576,27-MAY-16,M4L,"0.0913"
1902548,27-MAY-16,M4E,"1.14"
1897576,27-MAY-16,M4K,"<0.0500"
1901123,27-MAY-16,M2R,"<0.0500"
1897587,27-MAY-16,M6K,"0.0662"
1897582,26-MAY-16,M6H,"1.20"
1897588,26-MAY-16,M6P,"0.879"
1901124,26-MAY-16,M4N,"<0.0500"
1897620,26-MAY-16,M4L,"0.932"
1895598,25-MAY-16,M4J,"5.58"
1895571,25-MAY-16,M4G,"0.384"
1897572,25-MAY-16,M4C,"0.140"
1895572,25-MAY-16,M6P,"0.0592"
1902554,25-MAY-16,M4J,"0.549"
1897638,25-MAY-16,M9A,"0.329"
1895557,25-MAY-16,M6S,"0.153"
1895641,24-MAY-16,M4L,"1.19"
1895556,24-MAY-16,M6M,"<0.0500"
1895612,24-MAY-16,M4M,"1.37"
1895593,24-MAY-16,M4R,"2.46"
1894444,24-MAY-16,M1E,"0.0658"
1897586,24-MAY-16,M4B,"<0.0500"
1895594,24-MAY-16,M6J,"0.0578"
1894446,24-MAY-16,M8X,"0.185"
1895576,24-MAY-16,M4B,"<0.0500"
1895590,24-MAY-16,M6J,"2.89"
1905055,24-MAY-16,M6J,"0.303"
1895608,24-MAY-16,M4M,"1.00"
1897574,24-MAY-16,M4C,"0.347"
1895609,23-MAY-16,M5V,"0.0963"
1895614,23-MAY-16,M4C,"1.02"
1895575,20-MAY-16,M6R,"0.668"
1895613,20-MAY-16,M3H,"0.0605"
1895574,19-MAY-16,M6B,"0.0652"
1895558,19-MAY-16,M6S,"0.922"
1895610,19-MAY-16,M6S,"<0.0500"
1895573,19-MAY-16,M5S,"0.130"
1891997,19-MAY-16,M4L,"0.257"
1895582,19-MAY-16,M5T,"0.244"
1895596,19-MAY-16,M6M,"<0.0500"
1891994,18-MAY-16,M8Z,"<0.0500"
1901611,18-MAY-16,M6K,"<0.0500"
1892056,18-MAY-16,M4L,"<0.0500"
1892280,18-MAY-16,M4E,"0.508"
1893897,18-MAY-16,M2J,"0.146"
1892538,18-MAY-16,M4K,"0.367"
1892058,18-MAY-16,M4C,"0.0827"
1895570,18-MAY-16,M5M,"1.23"
1891987,18-MAY-16,M5M,"3.68"
1895595,18-MAY-16,M6E,"0.514"
1891983,17-MAY-16,M6K,"1.29"
1893896,17-MAY-16,M2N,"<0.0500"
1891395,17-MAY-16,M8X,"0.374"
1893895,17-MAY-16,M6A,"<0.0500"
1895597,17-MAY-16,M4K,"0.0550"
1892344,17-MAY-16,M4C,"0.183"
1891985,17-MAY-16,M5A,"0.193"
1893894,17-MAY-16,M6G,"4.69"
1892670,16-MAY-16,M6M,"<0.0500"
1892016,16-MAY-16,M6P,"<0.0500"
1892669,16-MAY-16,M6P,"1.42"
1892052,16-MAY-16,M5S,"0.238"
1891012,16-MAY-16,M1L,"0.0544"
1891989,16-MAY-16,M4S,"3.05"
1891986,16-MAY-16,M6J,"0.755"
1892044,15-MAY-16,M5S,"0.0873"
1892015,14-MAY-16,M5S,"0.0527"
1892018,14-MAY-16,M5S,"0.115"
1892031,14-MAY-16,M5S,"0.544"
1892051,14-MAY-16,M5S,"<0.0500"
1892054,14-MAY-16,M5S,"0.0788"
1892057,14-MAY-16,M5S,"0.280"
1892093,14-MAY-16,M5S,"0.213"
1891988,13-MAY-16,M6J,"<0.0500"
1892055,13-MAY-16,M6R,"0.379"
1891984,13-MAY-16,M4C,"1.94"
1890969,13-MAY-16,M5M,"5.41"
1891397,13-MAY-16,M8Z,"<0.0500"
1891400,13-MAY-16,M6S,"<0.0500"
1891004,13-MAY-16,M2M,"0.116"
1891399,13-MAY-16,M8Z,"2.42"
1891391,13-MAY-16,M8Z,"<0.0500"
1891394,13-MAY-16,M8Z,"<0.0500"
1891377,12-MAY-16,M9B,"0.0770"
1894443,12-MAY-16,M1N,"<0.0500"
1889284,12-MAY-16,M4K,"0.159"
1892635,12-MAY-16,M6K,"0.355"
1892024,12-MAY-16,M6E,"1.34"
1892017,12-MAY-16,M4L,"2.43"
1889288,11-MAY-16,M4J,"<0.0500"
1890991,11-MAY-16,M4N,"0.319"
1892671,11-MAY-16,M6S,"<0.0500"
1892181,11-MAY-16,M6H,"<0.0500"
1889420,10-MAY-16,M5S,"0.0557"
1889272,10-MAY-16,M1N,"0.0648"
1889286,10-MAY-16,M4C,"0.153"
1888270,10-MAY-16,M6E,"1.54"
1890967,10-MAY-16,M5M,"<0.0500"
1891379,10-MAY-16,M8Z,"0.0966"
1891998,10-MAY-16,M6H,"5.63"
1889283,10-MAY-16,M4L,"1.59"
1891003,10-MAY-16,M4S,"<0.0500"
1888275,10-MAY-16,M1J,"0.214"
1889274,10-MAY-16,M4A,"0.0952"
1888279,09-MAY-16,M6P,"0.540"
1892059,09-MAY-16,M4E,"0.260"
1888298,09-MAY-16,M8V,"<0.0500"
1888254,09-MAY-16,M6J,"0.396"
1891396,09-MAY-16,M6S,"0.266"
1890968,09-MAY-16,M2N,"0.425"
1887771,09-MAY-16,M5N,"0.140"
1891995,09-MAY-16,M6P,"0.778"
1888268,09-MAY-16,M6S,"<0.0500"
1891029,09-MAY-16,M2N,"<0.0500"
1889282,09-MAY-16,M4C,"0.0548"
1888271,08-MAY-16,M4M,"8.87"
1888297,08-MAY-16,M8Y,"<0.0500"
1888277,07-MAY-16,M6E,"0.106"
1888280,06-MAY-16,M6R,"<0.0500"
1888274,06-MAY-16,M8W,"<0.0500"
1891393,06-MAY-16,M6S,"0.527"
1888269,06-MAY-16,M4M,"0.323"
1889287,06-MAY-16,M4C,"0.245"
1888245,06-MAY-16,M6E,"8.16"
1889281,06-MAY-16,M4C,"0.909"
1887760,06-MAY-16,M9N,"<0.0500"
1889271,06-MAY-16,M4C,"0.725"
1888256,05-MAY-16,M6S,"<0.0500"
1888257,05-MAY-16,M6G,"0.737"
1888334,05-MAY-16,M8V,"<0.0500"
1889273,05-MAY-16,M4J,"2.75"
1887770,05-MAY-16,M6G,"0.182"
1889285,05-MAY-16,M4K,"0.160"
1888244,05-MAY-16,M5P,"<0.0500"
1888267,05-MAY-16,M8V,"<0.0500"
1888278,04-MAY-16,M6R,"<0.0500"
1886900,04-MAY-16,M4C,"1.25"
1888273,04-MAY-16,M1M,"0.0607"
1888253,04-MAY-16,M6P,"0.289"
1888255,04-MAY-16,M6P,"<0.0500"
1888258,04-MAY-16,M2J,"0.331"
1885634,03-MAY-16,M6S,"<0.0500"
1886899,03-MAY-16,M4K,"1.13"
1886898,03-MAY-16,M4M,"1.31"
1888330,03-MAY-16,M8W,"3.26"
1887759,03-MAY-16,M2N,"<0.0500"
1887761,03-MAY-16,M3B,"0.341"
1885642,03-MAY-16,M8V,"<0.0500"
1885633,03-MAY-16,M6S,"<0.0500"
1886857,02-MAY-16,M4E,"<0.0500"
1886901,02-MAY-16,M4K,"2.38"
1885640,02-MAY-16,M5N,"<0.0500"
1892025,02-MAY-16,M6P,"<0.0500"
1887762,02-MAY-16,M6P,"<0.0500"
1885632,01-MAY-16,M4L,"<0.0500"
1885538,30-APR-16,M6J,"0.0719"
1888306,29-APR-16,M1C,"<0.0500"
1885635,29-APR-16,M6R,"0.881"
1888272,29-APR-16,M3A,"<0.0500"
1888276,29-APR-16,M3A,"0.133"
1885535,29-APR-16,M6R,"1.44"
1885579,29-APR-16,M6E,"1.55"
1885611,29-APR-16,M9C,"0.116"
1886897,28-APR-16,M4C,"0.144"
1885162,28-APR-16,M6B,"<0.0500"
1885541,28-APR-16,M6R,"<0.0500"
1883999,27-APR-16,M4C,"0.305"
1886861,27-APR-16,M4C,"0.896"
1885631,27-APR-16,M4P,"<0.0500"
1885533,27-APR-16,M5A,"0.677"
1884006,27-APR-16,M4B,"<0.0500"
1885537,27-APR-16,M5N,"3.27"
1885546,27-APR-16,M6H,"<0.0500"
1882976,27-APR-16,M8Y,"0.577"
1885609,27-APR-16,M6R,"<0.0500"
1885544,27-APR-16,M8V,"0.0555"
1885536,27-APR-16,M6P,"0.117"
1884007,27-APR-16,M4J,"0.822"
1885531,26-APR-16,M4W,"1.34"
1882914,26-APR-16,M9W,"0.347"
1882995,26-APR-16,M9W,"0.114"
1885529,26-APR-16,M6J,"3.16"
1885532,26-APR-16,M3L,"<0.0500"
1883028,26-APR-16,M6J,"2.17"
1885641,26-APR-16,M4G,"0.106"
1885530,26-APR-16,M6G,"0.849"
1882912,26-APR-16,M6R,"<0.0500"
1885534,25-APR-16,M4J,"0.905"
1884000,25-APR-16,M4J,"0.244"
1882944,25-APR-16,M6S,"<0.0500"
1882916,25-APR-16,M8X,"0.0591"
1883016,25-APR-16,M8V,"0.329"
1882462,25-APR-16,M6B,"0.296"
1883021,25-APR-16,M6G,"0.875"
1882935,25-APR-16,M6E,"1.44"
1885545,25-APR-16,M6J,"4.67"
1884004,25-APR-16,M4L,"1.93"
1884003,25-APR-16,M4C,"0.606"
1884001,25-APR-16,M1S,"<0.0500"
1882915,25-APR-16,M6J,"3.87"
1885539,25-APR-16,M6J,"0.679"
1883018,25-APR-16,M4M,"0.478"
1882994,23-APR-16,M4L,"1.02"
1882918,22-APR-16,M6C,"1.09"
1884008,22-APR-16,M4J,"1.17"
1883031,22-APR-16,M5S,"0.622"
1884005,21-APR-16,M4B,"0.0630"
1883030,21-APR-16,M3N,"0.0717"
1883027,21-APR-16,M4L,"0.810"
1880999,21-APR-16,M4E,"1.16"
1882919,21-APR-16,M5S,"4.70"
1882937,21-APR-16,M6R,"<0.0500"
1882963,20-APR-16,M6H,"<0.0500"
1881068,20-APR-16,M4E,"0.327"
1883026,20-APR-16,M6R,"0.215"
1882920,20-APR-16,M4L,"13.4"
1882934,19-APR-16,M4X,"<0.0500"
1880994,19-APR-16,M4J,"31.5"
1882933,19-APR-16,M5R,"0.127"
1880113,19-APR-16,M5A,"4.21"
1880123,19-APR-16,M6P,"<0.0500"
1882969,19-APR-16,M6J,"1.32"
1882917,19-APR-16,M5N,"<0.0500"
1880141,19-APR-16,M6K,"1.05"
1883019,19-APR-16,M6C,"0.0674"
1883029,19-APR-16,M6G,"0.0860"
1883025,19-APR-16,M6R,"0.0562"
1883017,19-APR-16,M6R,"0.0615"
1883015,19-APR-16,M6S,"0.744"
1884002,19-APR-16,M4C,"0.0745"
1882936,19-APR-16,M6G,"0.0875"
1880998,18-APR-16,M4J,"<0.0500"
1879556,18-APR-16,M2N,"0.291"
1879565,18-APR-16,M2N,"0.0813"
1880069,18-APR-16,M4R,"0.182"
1879534,18-APR-16,M4N,"0.752"
1882463,18-APR-16,M3H,"0.120"
1882921,18-APR-16,M6G,"0.153"
1881036,18-APR-16,M4C,"0.0734"
1880997,18-APR-16,M4L,"1.89"
1882913,18-APR-16,M6J,"0.787"
1882968,18-APR-16,M6J,"0.433"
1880138,18-APR-16,M5T,"<0.0500"
1881061,18-APR-16,M4S,"0.0766"
1880071,17-APR-16,M6C,"0.0530"
1880101,17-APR-16,M4C,"1.65"
1879577,17-APR-16,M6B,"0.339"
1880070,17-APR-16,M6R,"<0.0500"
1881000,17-APR-16,M1L,"0.0650"
1879589,17-APR-16,M2K,"0.111"
1880142,15-APR-16,M6R,"0.625"
1880078,15-APR-16,M6H,"0.579"
1880075,15-APR-16,M9C,"0.0543"
1880104,15-APR-16,M9C,"<0.0500"
1881060,14-APR-16,M4M,"0.228"
1880990,14-APR-16,M4C,"0.0716"
1880091,14-APR-16,M6P,"<0.0500"
1880079,14-APR-16,M9P,"<0.0500"
1881005,14-APR-16,M4C,"0.292"
1880133,14-APR-16,M9R,"<0.0500"
1879531,13-APR-16,M4P,"0.909"
1880130,13-APR-16,M6K,"0.306"
1880122,13-APR-16,M6E,"2.14"
1880139,13-APR-16,M6N,"0.0551"
1878661,13-APR-16,M4C,"<0.0500"
1880103,13-APR-16,M6R,"0.747"
1880987,13-APR-16,M1N,"<0.0500"
1877153,12-APR-16,M4R,"1.45"
1877151,12-APR-16,M4M,"1.88"
1877193,12-APR-16,M4K,"0.769"
1880107,12-APR-16,M4T,"1.16"
1880140,12-APR-16,M6S,"0.102"
1877152,12-APR-16,M6E,"13.3"
1880131,12-APR-16,M1N,"<0.0500"
1880073,12-APR-16,M4E,"<0.0500"
1878698,12-APR-16,M6J,"1.20"
1877159,11-APR-16,M6R,"0.0779"
1880072,11-APR-16,M6R,"0.426"
1877188,11-APR-16,M6K,"0.246"
1877190,11-APR-16,M6K,"1.41"
1877189,11-APR-16,M8Y,"<0.0500"
1878647,11-APR-16,M4C,"26.4"
1880135,11-APR-16,M6R,"0.0775"
1877194,11-APR-16,M4M,"0.338"
1878637,10-APR-16,M4J,"<0.0500"
1877154,10-APR-16,M5M,"<0.0500"
1877191,10-APR-16,M5A,"<0.0500"
1877157,10-APR-16,M6R,"<0.0500"
1877164,09-APR-16,M6P,"0.496"
1877183,09-APR-16,M4B,"<0.0500"
1877185,08-APR-16,M6P,"2.31"
1877192,08-APR-16,M4W,"0.0821"
1878653,08-APR-16,M4K,"<0.0500"
1877155,08-APR-16,M4N,"1.91"
1877156,08-APR-16,M9B,"<0.0500"
1877160,07-APR-16,M9A,"<0.0500"
1878652,07-APR-16,M4L,"1.23"
1875985,07-APR-16,M4S,"6.22"
1875999,07-APR-16,M5R,"<0.0500"
1878656,06-APR-16,M4L,"0.240"
1875983,06-APR-16,M4K,"<0.0500"
1875920,06-APR-16,M9V,"<0.0500"
1878662,06-APR-16,M4J,"1.07"
1875915,06-APR-16,M4V,"1.41"
1875980,06-APR-16,M6J,"0.237"
1888307,06-APR-16,M1N,"<0.0500"
1875908,05-APR-16,M4M,"0.303"
1875917,05-APR-16,M6J,"1.04"
1877150,05-APR-16,M4G,"<0.0500"
1877149,05-APR-16,M4C,"0.410"
1878639,05-APR-16,M1L,"<0.0500"
1875911,05-APR-16,M6R,"0.148"
1878634,05-APR-16,M1N,"1.25"
1878663,05-APR-16,M4L,"<0.0500"
1875914,04-APR-16,M6R,"0.261"
1875984,04-APR-16,M4L,"0.0633"
1878645,04-APR-16,M4K,"0.139"
1875993,04-APR-16,M4R,"1.13"
1875979,04-APR-16,M6J,"0.866"
1878659,04-APR-16,M4C,"2.05"
1874649,04-APR-16,M8Z,"<0.0500"
1876005,03-APR-16,M6R,"0.152"
1875913,03-APR-16,M6R,"0.476"
1875916,03-APR-16,M4S,"<0.0500"
1877158,03-APR-16,M6H,"<0.0500"
1878654,03-APR-16,M4C,"1.13"
1878650,01-APR-16,M4C,"0.255"
1875912,01-APR-16,M6R,"2.96"
1875910,01-APR-16,M4M,"0.603"
1873132,31-MAR-16,M4J,"<0.0500"
1873112,31-MAR-16,M6C,"0.913"
1873072,31-MAR-16,M6R,"0.0803"
1873067,31-MAR-16,M6K,"0.166"
1873070,30-MAR-16,M9B,"0.0948"
1873066,30-MAR-16,M4M,"1.41"
1873073,30-MAR-16,M4S,"1.23"
1872412,30-MAR-16,M4L,"0.114"
1873061,30-MAR-16,M6G,"0.639"
1873069,30-MAR-16,M4T,"0.0596"
1872417,29-MAR-16,M4B,"<0.0500"
1872416,29-MAR-16,M1L,"<0.0500"
1873064,29-MAR-16,M6R,"<0.0500"
1874664,29-MAR-16,M6H,"<0.0500"
1872415,29-MAR-16,M4C,"<0.0500"
1873071,29-MAR-16,M3H,"0.109"
1873091,29-MAR-16,M5R,"0.246"
1872414,28-MAR-16,M4B,"<0.0500"
1873062,28-MAR-16,M4X,"2.57"
1878651,28-MAR-16,M4C,"0.882"
1901614,28-MAR-16,M6R,"0.0676"
1873068,27-MAR-16,M6J,"0.218"
1875986,26-MAR-16,M6R,"1.06"
1874671,24-MAR-16,M8Y,"<0.0500"
1872413,24-MAR-16,M1M,"9.03"
1870279,24-MAR-16,M6K,"0.111"
1873092,24-MAR-16,M5A,"<0.0500"
1873074,23-MAR-16,M6C,"0.150"
1873065,23-MAR-16,M4E,"0.113"
1870329,23-MAR-16,M8Z,"<0.0500"
1875909,23-MAR-16,M4K,"0.618"
1870714,23-MAR-16,M4C,"20.9"
1870653,23-MAR-16,M4E,"<0.0500"
1870708,23-MAR-16,M4G,"<0.0500"
1870720,23-MAR-16,M4M,"0.358"
1871468,22-MAR-16,M6G,"0.428"
1873063,22-MAR-16,M4M,"0.0557"
1869441,22-MAR-16,M1M,"<0.0500"
1870719,22-MAR-16,M4K,"0.665"
1871469,22-MAR-16,M4R,"0.763"
1870572,22-MAR-16,M6S,"0.142"
1870717,22-MAR-16,M4L,"0.174"
1870721,22-MAR-16,M6R,"0.518"
1870674,22-MAR-16,M4E,"0.607"
1870694,22-MAR-16,M6P,"0.105"
1870707,22-MAR-16,M9A,"0.0768"
1869447,21-MAR-16,M6R,"<0.0500"
1868896,21-MAR-16,M2M,"<0.0500"
1870332,21-MAR-16,M6G,"0.757"
1870709,21-MAR-16,M4C,"0.449"
1874639,21-MAR-16,M1R,"0.105"
1870711,21-MAR-16,M4M,"0.441"
1869444,21-MAR-16,M6S,"<0.0500"
1869450,21-MAR-16,M4L,"0.0835"
1869449,21-MAR-16,M4W,"0.386"
1870712,21-MAR-16,M4C,"0.0546"
1869453,20-MAR-16,M6C,"0.902"
1869445,20-MAR-16,M4M,"0.325"
1869452,18-MAR-16,M4W,"1.10"
1868878,18-MAR-16,M3H,"<0.0500"
1869442,18-MAR-16,M4E,"<0.0500"
1870362,18-MAR-16,M6R,"<0.0500"
1874660,18-MAR-16,M1L,"0.474"
1870718,18-MAR-16,M4J,"<0.0500"
1870316,18-MAR-16,M6S,"0.840"
1870328,18-MAR-16,M6H,"5.75"
1869443,17-MAR-16,M4M,"<0.0500"
1870655,17-MAR-16,M4N,"2.24"
1870331,17-MAR-16,M6S,"10.5"
1870713,17-MAR-16,M4L,"0.282"
1866409,17-MAR-16,M6R,"0.793"
1870672,17-MAR-16,M6S,"0.478"
1870326,17-MAR-16,M6S,"<0.0500"
1869448,17-MAR-16,M6G,"0.0836"
1870710,17-MAR-16,M1N,"<0.0500"
1870323,17-MAR-16,M6K,"1.75"
1868924,17-MAR-16,M2P,"<0.0500"
1870327,17-MAR-16,M8V,"<0.0500"
1868922,17-MAR-16,M1W,"0.0767"
1867396,16-MAR-16,M4E,"<0.0500"
1870330,16-MAR-16,M6N,"<0.0500"
1870340,16-MAR-16,M6R,"0.192"
1870355,16-MAR-16,M6H,"0.340"
1873109,16-MAR-16,M6E,"0.571"
1869446,16-MAR-16,M4L,"1.48"
1870654,16-MAR-16,M8W,"<0.0500"
1870333,16-MAR-16,M6P,"0.0733"
1869454,16-MAR-16,M4K,"0.369"
1870363,16-MAR-16,M8V,"0.0704"
1868919,15-MAR-16,M3C,"1.28"
1868897,15-MAR-16,M6E,"0.156"
1869455,15-MAR-16,M6P,"0.200"
1870366,15-MAR-16,M6H,"1.14"
1866399,14-MAR-16,M4K,"0.191"
1867381,14-MAR-16,M4C,"1.40"
1866404,14-MAR-16,M6P,"0.0525"
1866465,13-MAR-16,M8Z,"0.0565"
1866374,13-MAR-16,M6J,"0.568"
1867395,13-MAR-16,M4K,"1.25"
1867382,13-MAR-16,M4M,"0.654"
1869451,12-MAR-16,M6J,"0.0636"
1867366,11-MAR-16,M4J,"<0.0500"
1865817,11-MAR-16,M2H,"0.129"
1867383,11-MAR-16,M4M,"0.644"
1865851,11-MAR-16,M4S,"1.15"
1867369,11-MAR-16,M4M,"2.41"
1866372,11-MAR-16,M4T,"2.23"
1868925,11-MAR-16,M4S,"4.34"
1866406,11-MAR-16,M5B,"<0.0500"
1867391,11-MAR-16,M4C,"4.13"
1867394,11-MAR-16,M4E,"<0.0500"
1866396,11-MAR-16,M6J,"0.645"
1865810,11-MAR-16,M3A,"<0.0500"
1866410,11-MAR-16,M8Y,"0.0579"
1866405,11-MAR-16,M8Y,"<0.0500"
1867368,10-MAR-16,M4C,"0.179"
1865796,10-MAR-16,M5M,"0.375"
1866400,10-MAR-16,M6S,"18.5"
1866375,10-MAR-16,M9C,"0.0737"
1866377,10-MAR-16,M8Z,"<0.0500"
1866397,09-MAR-16,M6S,"3.56"
1864616,09-MAR-16,M4M,"0.304"
1868920,09-MAR-16,M5N,"1.17"
1866456,09-MAR-16,M1P,"<0.0500"
1878648,09-MAR-16,M1L,"0.105"
1864620,09-MAR-16,M4J,"0.106"
1864615,09-MAR-16,M4L,"0.146"
1867367,09-MAR-16,M4L,"<0.0500"
1865788,08-MAR-16,M6E,"3.58"
1866371,08-MAR-16,M1K,"<0.0500"
1863755,08-MAR-16,M6S,"1.71"
1866398,08-MAR-16,M6R,"2.62"
1866403,08-MAR-16,M4K,"0.187"
1864619,08-MAR-16,M4X,"<0.0500"
1868879,08-MAR-16,M2J,"0.165"
1866370,08-MAR-16,M6E,"10.7"
1866411,08-MAR-16,M6E,"28.6"
1863718,08-MAR-16,M6S,"<0.0500"
1865785,07-MAR-16,M3M,"<0.0500"
1869132,07-MAR-16,M6G,"0.589"
1863717,07-MAR-16,M6H,"1.15"
1863750,07-MAR-16,M8W,"<0.0500"
1865814,07-MAR-16,M2P,"0.0517"
1863708,07-MAR-16,M6J,"8.37"
1865786,07-MAR-16,M5M,"0.267"
1866368,07-MAR-16,M1N,"0.125"
1863722,07-MAR-16,M6G,"0.207"
1863709,04-MAR-16,M4K,"0.336"
1863720,04-MAR-16,M6S,"0.0870"
1864623,04-MAR-16,M6E,"0.0769"
1863752,04-MAR-16,M8X,"<0.0500"
1863715,04-MAR-16,M4K,"1.16"
1863716,04-MAR-16,M6S,"0.180"
1863753,04-MAR-16,M6N,"0.241"
1865830,04-MAR-16,M4P,"4.32"
1865789,03-MAR-16,M4E,"2.59"
1860663,03-MAR-16,M5S,"5.32"
1863754,03-MAR-16,M8V,"<0.0500"
1863719,03-MAR-16,M6N,"0.281"
1863707,02-MAR-16,M6P,"0.105"
1865787,02-MAR-16,M6G,"1.21"
1863714,02-MAR-16,M5S,"0.488"
1860262,01-MAR-16,M6S,"0.355"
1865818,01-MAR-16,M2N,"0.0774"
1864622,01-MAR-16,M1L,"<0.0500"
1860226,29-FEB-16,M8V,"<0.0500"
1866451,29-FEB-16,M1N,"0.0860"
1860253,29-FEB-16,M5V,"0.0769"
1860256,29-FEB-16,M5R,"1.69"
1866395,29-FEB-16,M9A,"0.0584"
1863721,29-FEB-16,M4W,"2.69"
1866402,29-FEB-16,M1C,"0.393"
1860250,29-FEB-16,M9A,"0.324"
1860268,29-FEB-16,M6J,"0.482"
1860260,29-FEB-16,M6P,"0.425"
1860269,29-FEB-16,M6K,"1.62"
1860265,29-FEB-16,M9B,"<0.0500"
1860660,27-FEB-16,M4M,"<0.0500"
1860266,26-FEB-16,M4C,"<0.0500"
1860254,26-FEB-16,M5R,"<0.0500"
1860270,26-FEB-16,M6R,"0.326"
1866369,26-FEB-16,M8W,"0.0858"
1866373,26-FEB-16,M6R,"0.298"
1866401,26-FEB-16,M6R,"0.435"
1860662,26-FEB-16,M4M,"0.0758"
1866457,26-FEB-16,M1B,"0.189"
1860664,26-FEB-16,M4K,"<0.0500"
1860247,26-FEB-16,M6H,"1.55"
1860252,26-FEB-16,M6P,"1.69"
1860249,26-FEB-16,M9A,"0.0630"
1866408,26-FEB-16,M6P,"0.626"
1857836,25-FEB-16,M1H,"0.0720"
1860261,25-FEB-16,M4R,"0.0574"
1860661,25-FEB-16,M4E,"0.0590"
1857806,24-FEB-16,M8V,"<0.0500"
1860263,24-FEB-16,M4J,"0.384"
1860255,24-FEB-16,M8V,"<0.0500"
1860264,24-FEB-16,M6G,"0.374"
1857798,23-FEB-16,M6G,"0.805"
1860257,23-FEB-16,M6J,"<0.0500"
1860258,23-FEB-16,M6J,"0.0581"
1857800,23-FEB-16,M4E,"0.0699"
1857794,22-FEB-16,M6R,"<0.0500"
1860259,22-FEB-16,M5N,"5.34"
1858908,22-FEB-16,M4E,"1.37"
1857859,22-FEB-16,M4R,"0.0529"
1864621,21-FEB-16,M4J,"0.578"
1860251,21-FEB-16,M5N,"1.28"
1857855,21-FEB-16,M1N,"0.0826"
1857795,19-FEB-16,M6K,"2.21"
1857810,19-FEB-16,M6H,"0.156"
1857856,19-FEB-16,M6K,"3.07"
1857865,19-FEB-16,M6P,"4.13"
1857867,19-FEB-16,M8X,"<0.0500"
1857802,19-FEB-16,M5T,"<0.0500"
1858909,18-FEB-16,M4E,"<0.0500"
1857799,18-FEB-16,M6E,"1.18"
1855484,18-FEB-16,M4C,"0.425"
1857858,18-FEB-16,M4T,"0.0626"
1857793,18-FEB-16,M5T,"0.157"
1855406,18-FEB-16,M4E,"0.239"
1860267,18-FEB-16,M5M,"<0.0500"
1857837,17-FEB-16,M6E,"0.660"
1857803,17-FEB-16,M6K,"0.886"
1855430,17-FEB-16,M4C,"0.0691"
1857857,17-FEB-16,M5R,"0.0551"
1855410,16-FEB-16,M6N,"<0.0500"
1855480,16-FEB-16,M6H,"<0.0500"
1857809,16-FEB-16,M8W,"0.228"
1855401,16-FEB-16,M4K,"1.16"
1855469,16-FEB-16,M4E,"2.84"
1855477,16-FEB-16,M4E,"0.742"
1855482,15-FEB-16,M4E,"<0.0500"
1857873,14-FEB-16,M4M,"1.16"
1857796,13-FEB-16,M4V,"0.752"
1855492,12-FEB-16,M6K,"0.483"
1855483,12-FEB-16,M5M,"<0.0500"
1855487,12-FEB-16,M6E,"1.11"
1855400,12-FEB-16,M4R,"0.911"
1855496,12-FEB-16,M4V,"0.0619"
1855471,12-FEB-16,M4J,"0.396"
1855402,12-FEB-16,M4E,"0.224"
1857805,12-FEB-16,M6S,"0.184"
1855475,11-FEB-16,M4B,"5.98"
1854130,11-FEB-16,M4X,"0.0671"
1857804,11-FEB-16,M4K,"0.708"
1855495,11-FEB-16,M4L,"<0.0500"
1855491,11-FEB-16,M4J,"0.844"
1855416,11-FEB-16,M4B,"0.496"
1855414,11-FEB-16,M4V,"0.702"
1855486,10-FEB-16,M4A,"<0.0500"
1853483,10-FEB-16,M4L,"0.774"
1857808,10-FEB-16,M8Z,"<0.0500"
1853486,10-FEB-16,M6R,"0.906"
1854132,10-FEB-16,M4J,"0.513"
1853374,09-FEB-16,M1S,"0.0631"
1853361,09-FEB-16,M6K,"0.0780"
1853347,09-FEB-16,M5N,"0.811"
1852286,09-FEB-16,M6P,"0.312"
1853395,09-FEB-16,M6R,"0.636"
1855418,09-FEB-16,M1N,"0.359"
1857835,09-FEB-16,M3A,"<0.0500"
1853470,09-FEB-16,M6H,"<0.0500"
1855404,09-FEB-16,M4J,"0.360"
1855498,09-FEB-16,M5M,"<0.0500"
1857801,09-FEB-16,M1K,"<0.0500"
1857866,09-FEB-16,M3L,"0.0766"
1853394,08-FEB-16,M6S,"0.938"
1855474,08-FEB-16,M4S,"6.16"
1853391,08-FEB-16,M5M,"<0.0500"
1852308,08-FEB-16,M4N,"1.10"
1853431,08-FEB-16,M6J,"0.156"
1852243,08-FEB-16,M4S,"<0.0500"
1852309,08-FEB-16,M4N,"<0.0500"
1855470,08-FEB-16,M1N,"1.05"
1853507,08-FEB-16,M6G,"<0.0500"
1852271,08-FEB-16,M8W,"<0.0500"
1853481,08-FEB-16,M5N,"0.993"
1853506,08-FEB-16,M5R,"0.0558"
1855497,07-FEB-16,M1L,"<0.0500"
1853458,07-FEB-16,M4X,"<0.0500"
1853389,07-FEB-16,M4B,"0.0974"
1853344,07-FEB-16,M4J,"0.345"
1853487,05-FEB-16,M4K,"0.328"
1853346,05-FEB-16,M4E,"1.02"
1855479,05-FEB-16,M4M,"0.0938"
1853484,05-FEB-16,M6P,"<0.0500"
1852241,05-FEB-16,M2R,"<0.0500"
1853362,05-FEB-16,M6J,"0.160"
1853485,05-FEB-16,M6P,"0.318"
1855493,05-FEB-16,M4E,"0.698"
1852235,05-FEB-16,M8Y,"<0.0500"
1853508,05-FEB-16,M4K,"1.31"
1855488,05-FEB-16,M4E,"0.363"
1853414,05-FEB-16,M4M,"0.484"
1853482,05-FEB-16,M4C,"0.0746"
1853373,05-FEB-16,M6G,"0.282"
1849613,04-FEB-16,M4J,"0.982"
1854131,04-FEB-16,M6K,"0.872"
1853376,04-FEB-16,M4P,"4.70"
1853457,04-FEB-16,M6N,"1.09"
1849612,04-FEB-16,M4E,"0.103"
1852272,04-FEB-16,M8V,"<0.0500"
1857807,04-FEB-16,M1T,"<0.0500"
1849611,04-FEB-16,M4L,"<0.0500"
1852251,04-FEB-16,M6C,"<0.0500"
1855472,04-FEB-16,M4B,"<0.0500"
1853392,04-FEB-16,M4E,"0.467"
1853515,04-FEB-16,M6H,"1.92"
1855423,04-FEB-16,M4L,"0.112"
1855403,04-FEB-16,M4L,"<0.0500"
1855494,04-FEB-16,M4E,"0.861"
1855408,04-FEB-16,M4E,"<0.0500"
1853488,04-FEB-16,M6C,"1.55"
1853514,03-FEB-16,M5T,"0.148"
1853382,03-FEB-16,M4C,"0.841"
1853393,03-FEB-16,M4C,"<0.0500"
1852269,03-FEB-16,M1P,"<0.0500"
1852327,03-FEB-16,M3J,"<0.0500"
1853348,03-FEB-16,M4M,"4.23"
1849600,03-FEB-16,M6P,"3.75"
1849606,03-FEB-16,M6H,"1.67"
1849623,03-FEB-16,M3L,"<0.0500"
1852250,03-FEB-16,M3L,"<0.0500"
1855421,03-FEB-16,M4K,"0.927"
1849597,03-FEB-16,M6H,"0.216"
1849614,02-FEB-16,M4J,"1.16"
1853363,02-FEB-16,M6G,"<0.0500"
1849617,02-FEB-16,M4C,"<0.0500"
1849125,02-FEB-16,M6S,"1.67"
1849127,02-FEB-16,M6S,"0.184"
1853372,02-FEB-16,M6B,"0.679"
1853343,02-FEB-16,M6J,"1.89"
1857816,02-FEB-16,M4K,"<0.0500"
1857797,02-FEB-16,M4K,"0.0745"
1852287,02-FEB-16,M4R,"0.428"
1849596,02-FEB-16,M6R,"0.167"
1854129,02-FEB-16,M6S,"0.181"
1853351,02-FEB-16,M6S,"0.828"
1853437,02-FEB-16,M4K,"0.489"
1853489,02-FEB-16,M1K,"<0.0500"
1852280,02-FEB-16,M8V,"<0.0500"
1853350,02-FEB-16,M5R,"0.870"
1849604,02-FEB-16,M5P,"<0.0500"
1853364,01-FEB-16,M4K,"1.94"
1849599,01-FEB-16,M4J,"<0.0500"
1849138,01-FEB-16,M4M,"4.81"
1849603,01-FEB-16,M6S,"4.04"
1849618,01-FEB-16,M4L,"<0.0500"
1849131,01-FEB-16,M2L,"1.74"
1849122,01-FEB-16,M4L,"<0.0500"
1849120,01-FEB-16,M4N,"<0.0500"
1849124,01-FEB-16,M6J,"<0.0500"
1849601,01-FEB-16,M6G,"0.130"
1849615,01-FEB-16,M4C,"<0.0500"
1849141,01-FEB-16,M4L,"1.13"
1849126,01-FEB-16,M8Y,"<0.0500"
1849129,31-JAN-16,M5R,"1.44"
1853480,31-JAN-16,M6G,"<0.0500"
1849143,31-JAN-16,M6K,"0.504"
1849602,29-JAN-16,M6H,"0.440"
1849607,29-JAN-16,M4L,"1.08"
1849616,29-JAN-16,M4J,"2.67"
1849598,29-JAN-16,M6N,"0.0822"
1849595,29-JAN-16,M6P,"<0.0500"
1848364,29-JAN-16,M6R,"0.963"
1849155,29-JAN-16,M1S,"0.0631"
1849128,29-JAN-16,M2N,"<0.0500"
1848322,29-JAN-16,M5R,"0.0515"
1849123,29-JAN-16,M2N,"<0.0500"
1849610,29-JAN-16,M4G,"<0.0500"
1849130,29-JAN-16,M9R,"0.288"
1849121,29-JAN-16,M4V,"0.0843"
1849605,28-JAN-16,M4J,"0.728"
1848324,28-JAN-16,M6S,"0.0933"
1848362,28-JAN-16,M4K,"0.0747"
1848353,27-JAN-16,M4K,"0.519"
1847162,27-JAN-16,M4E,"<0.0500"
1847156,27-JAN-16,M4E,"0.0614"
1848323,27-JAN-16,M6E,"0.0603"
1849142,27-JAN-16,M4N,"0.626"
1848347,27-JAN-16,M6G,"0.327"
1848360,27-JAN-16,M6P,"1.60"
1848339,26-JAN-16,M4J,"0.678"
1848337,26-JAN-16,M8Z,"<0.0500"
1848338,26-JAN-16,M4L,"1.49"
1849139,26-JAN-16,M6C,"0.341"
1848346,26-JAN-16,M6S,"0.0517"
1847190,26-JAN-16,M9B,"<0.0500"
1848336,26-JAN-16,M6K,"1.00"
1847187,25-JAN-16,M6S,"0.0726"
1847163,25-JAN-16,M8X,"0.0766"
1848381,25-JAN-16,M6P,"0.0883"
1848365,25-JAN-16,M6P,"0.470"
1847220,25-JAN-16,M6S,"1.53"
1845910,25-JAN-16,M4R,"0.738"
1847188,24-JAN-16,M4J,"<0.0500"
1845909,22-JAN-16,M6C,"<0.0500"
1847201,22-JAN-16,M4J,"3.35"
1847180,22-JAN-16,M4J,"0.599"
1848395,22-JAN-16,M6R,"0.694"
1847199,22-JAN-16,M4E,"0.326"
1844711,21-JAN-16,M4K,"9.81"
1845908,20-JAN-16,M6R,"4.97"
1844710,20-JAN-16,M4M,"<0.0500"
1844751,20-JAN-16,M4W,"2.76"
1844746,20-JAN-16,M6G,"0.252"
1844316,20-JAN-16,M4M,"0.365"
1847196,20-JAN-16,M4J,"<0.0500"
1868918,20-JAN-16,M3A,"<0.0500"
1844748,20-JAN-16,M5A,"1.16"
1844317,19-JAN-16,M4C,"0.481"
1848393,19-JAN-16,M5R,"0.254"
1844311,19-JAN-16,M8W,"<0.0500"
1844315,19-JAN-16,M4G,"2.39"
1848394,19-JAN-16,M6E,"0.181"
1844709,18-JAN-16,M4W,"0.124"
1844733,18-JAN-16,M4N,"0.261"
1844313,18-JAN-16,M4J,"0.0600"
1844749,18-JAN-16,M5S,"<0.0500"
1844750,17-JAN-16,M6E,"1.26"
1844312,17-JAN-16,M8Z,"<0.0500"
1842953,15-JAN-16,M6E,"4.47"
1844747,15-JAN-16,M4V,"0.0518"
1849140,15-JAN-16,M1W,"0.0739"
1844314,14-JAN-16,M1N,"<0.0500"
1844310,13-JAN-16,M4C,"<0.0500"
1841958,13-JAN-16,M6N,"<0.0500"
1841957,13-JAN-16,M6G,"0.532"
1844752,13-JAN-16,M4M,"0.493"
1841609,12-JAN-16,M4E,"1.29"
1841617,12-JAN-16,M4K,"0.229"
1841624,12-JAN-16,M4E,"0.0649"
1841621,11-JAN-16,M4L,"0.515"
1840885,11-JAN-16,M6E,"1.17"
1840888,11-JAN-16,M9C,"0.0677"
1841956,10-JAN-16,M6P,"0.372"
1841960,10-JAN-16,M6G,"0.0816"
1840886,08-JAN-16,M6N,"<0.0500"
1841618,08-JAN-16,M4J,"0.750"
1842922,08-JAN-16,M2M,"<0.0500"
1841620,08-JAN-16,M4M,"0.791"
1841935,08-JAN-16,M6N,"0.323"
1840887,07-JAN-16,,"0.267"
1842427,07-JAN-16,M1S,"<0.0500"
1842426,07-JAN-16,M1L,"0.0561"
1842921,06-JAN-16,M3B,"<0.0500"
1841608,06-JAN-16,M4L,"1.66"
1841623,06-JAN-16,M6G,"<0.0500"
1841619,06-JAN-16,M8Z,"0.169"
1840889,06-JAN-16,M8X,"<0.0500"
1841936,05-JAN-16,M6R,"<0.0500"
1842945,05-JAN-16,M4M,"<0.0500"
1843200,05-JAN-16,M4M,"<0.0500"
1841959,05-JAN-16,M6S,"1.44"
1839001,04-JAN-16,M4Y,"0.178"
1841622,04-JAN-16,M6R,"0.0784"
1838107,03-JAN-16,M6M,"0.0516"
1839003,03-JAN-16,M4C,"2.49"
