Sample Number,Sampled Date,Partial Postal Code,Lead Amount ppb
1124397,04-Jan-11,M8X,9.00
1124400,04-Jan-11,M8Z,0.700
1124602,03-Jan-11,M4L,<0.500
1124604,05-Jan-11,M4J,<0.500
1124605,06-Jan-11,M1K,<0.500
1125668,08-Jan-11,M5S,78.0
1125684,07-Jan-11,M5M,0.900
1125685,07-Jan-11,M5M,8.00
1125686,07-Jan-11,M4S,7.00
1126165,05-Jan-11,M6A,0.500
1126976,14-Jan-11,M6K,2.00
1127175,10-Jan-11,M4J,4.00
1127196,10-Jan-11,M8X,0.900
1127197,17-Jan-11,M6P,0.900
1127198,06-Jan-11,M4K,2.00
1127199,06-Jan-11,M4K,4.00
1127208,07-Jan-11,M5S,0.800
1127223,06-Jan-11,M6P,3.00
1127228,06-Jan-11,M4E,2.00
1127264,06-Jan-11,M4M,1.00
1127280,03-Jan-11,M6J,0.800
1128485,14-Jan-11,M6P,12.0
1128506,18-Jan-11,M6R,<0.500
1128508,13-Jan-11,M6J,13.0
1128528,18-Jan-11,M6P,5.00
1128529,12-Jan-11,M6H,<0.500
1128530,13-Jan-11,M8Y,<0.500
1129282,17-Jan-11,M4J,<0.500
1129292,18-Jan-11,M4J,<0.500
1129293,17-Jan-11,M4M,<0.500
1129295,17-Jan-11,M4M,1060
1129338,18-Jan-11,M1K,0.600
1129339,17-Jan-11,M4L,22.0
1129377,11-Jan-11,M4J,6.00
1129378,18-Jan-11,M4C,4.00
1129379,17-Jan-11,M4K,3.00
1129380,21-Jan-11,M1N,<0.500
1129406,19-Jan-11,M4K,5.00
1129415,05-Jan-11,M5R,<0.500
1129427,05-Jan-11,M6C,<0.500
1129431,11-Jan-11,M4K,9.00
1129432,10-Jan-11,M6K,2040
1129439,06-Jan-11,M4N,2.00
1129440,11-Jan-11,M5A,10.0
1129452,04-Jan-11,M5A,1.00
1129453,06-Jan-11,M6S,34.0
1129464,19-Jan-11,M5N,<0.500
1129465,13-Jan-11,M5M,1.00
1129466,13-Jan-11,M4L,<0.500
1129467,04-Jan-11,M4K,9.00
1129561,06-Jan-11,M6C,<0.500
1129562,18-Jan-11,M4S,3.00
1129563,11-Jan-11,M4R,6.00
1129564,06-Jan-11,M6G,<0.500
1129565,06-Jan-11,M4X,3.00
1130344,07-Jan-11,M5G,4.00
1131040,11-Jan-11,M1R,<0.500
1132240,24-Jan-11,M6G,1.00
1132244,21-Jan-11,M8W,<0.500
1132245,20-Jan-11,M6R,2.00
1132246,24-Jan-11,M6H,1.00
1132249,24-Jan-11,M6N,6.00
1132250,24-Jan-11,M6H,2.00
1132534,20-Jan-11,M4K,2.00
1132540,31-Jan-11,M4L,2.00
1132543,20-Jan-11,M4J,0.800
1132544,20-Jan-11,M4T,0.800
1132554,20-Jan-11,M4T,<0.500
1132564,23-Jan-11,M4J,10.0
1132578,21-Jan-11,M4L,10.0
1132585,21-Jan-11,M4C,4.00
1132586,24-Jan-11,M4B,5.00
1132587,24-Jan-11,M4L,6.00
1132588,24-Jan-11,M4L,10.0
1132589,24-Jan-11,M5S,14.0
1132590,25-Jan-11,M4M,3.00
1132596,25-Jan-11,M4C,4.00
1132601,25-Jan-11,M4C,2.00
1132605,25-Jan-11,M4E,3.00
1132611,25-Jan-11,M4L,3.00
1132615,27-Jan-11,M6H,27.0
1132618,27-Jan-11,M2N,2.00
1132619,27-Jan-11,M4K,3.00
1132620,26-Jan-11,M4S,1.00
1132621,26-Jan-11,M6H,15.0
1132622,26-Jan-11,M5M,3.00
1132623,28-Jan-11,M6J,1.00
1132627,31-Jan-11,M5A,<0.500
1132631,30-Jan-11,M4P,<0.500
1134736,24-Jan-11,M4M,81.0
1134744,27-Jan-11,M4L,<0.500
1134745,27-Jan-11,M4J,5.00
1134750,28-Jan-11,M4L,<0.500
1134757,28-Jan-11,M1N,22.0
1134758,30-Jan-11,M4J,4.00
1134778,30-Jan-11,M4J,3.00
1134780,31-Jan-11,M4L,<0.500
1134781,31-Jan-11,M4X,<0.500
1134782,31-Jan-11,M4J,3.00
1134834,31-Jan-11,M4M,<0.500
1134840,31-Jan-11,M4C,3.00
1134844,31-Jan-11,M4K,0.800
1134845,31-Jan-11,M4C,2.00
1134846,31-Jan-11,M4E,<0.500
1134849,31-Jan-11,M4J,<0.500
1134850,01-Feb-11,M4K,3.00
1134851,01-Feb-11,M4K,4.00
1134852,01-Feb-11,M4S,<0.500
1134853,01-Feb-11,M4S,4.00
1134864,01-Feb-11,M4M,<0.500
1134872,01-Feb-11,M4E,87.0
1134874,07-Feb-11,M4C,2.00
1134876,07-Feb-11,M1L,1.00
1134877,07-Feb-11,M4E,0.600
1136026,03-Jan-11,M5M,41.0
1136027,17-Jan-11,M3H,<0.500
1136028,18-Jan-11,M2N,10.0
1136030,19-Jan-11,M4P,<0.500
1136032,22-Jan-11,M6N,6.00
1136033,27-Jan-11,M2N,<0.500
1136147,31-Jan-11,M5P,<0.500
1136148,18-Jan-11,M2L,22.0
1136164,07-Feb-11,M2R,<0.500
1136173,31-Jan-11,M6P,1.00
1136178,07-Feb-11,M9A,<0.500
1136179,07-Feb-11,M6P,31.0
1136180,08-Feb-11,M6H,8.00
1136190,02-Jan-11,M6H,15.0
1136191,01-Feb-11,M8X,<0.500
1136196,28-Jan-11,M6C,<0.500
1136197,27-Jan-11,M6R,<0.500
1136198,22-Jan-11,M6S,8.00
1136199,25-Jan-11,M6R,7.00
1136240,27-Jan-11,M5A,13.0
1136241,29-Jan-11,M8Y,<0.500
1136242,02-Feb-11,M6P,0.800
1136243,29-Jan-11,M6H,1180
1136251,03-Feb-11,M6P,2.00
1136267,28-Jan-11,M6H,11.0
1136268,30-Jan-11,M6E,<0.500
1136269,25-Jan-11,M6R,10.0
1136270,04-Feb-11,M6G,0.700
1136271,08-Feb-11,M8W,<0.500
1136280,28-Jan-11,M9B,<0.500
1136281,27-Jan-11,M6P,<0.500
1136851,26-Jan-11,M9R,<0.500
1136853,28-Jan-11,M8W,<0.500
1136857,01-Feb-11,M6S,2.00
1136865,06-Feb-11,M6S,<0.500
1136873,25-Jan-11,M6R,<0.500
1136874,27-Jan-11,M6E,<0.500
1137742,30-Jan-11,M6C,0.800
1137757,29-Jan-11,M5R,<0.500
1137758,01-Feb-11,M5A,3.00
1137759,01-Feb-11,M4X,<0.500
1137772,02-Feb-11,M5M,11.0
1137792,02-Feb-11,M4M,30.0
1137793,02-Feb-11,M4M,3.00
1137871,02-Feb-11,M4X,<0.500
1137872,02-Feb-11,M4K,<0.500
1137882,03-Feb-11,M6G,4.00
1137899,15-Feb-11,M6P,95.0
1137902,08-Feb-11,M4L,3.00
1137905,09-Feb-11,M4L,37.0
1137908,09-Feb-11,M4X,10.0
1137910,09-Feb-11,M6J,12.0
1137940,15-Feb-11,M5A,0.600
1137947,10-Feb-11,M2M,<0.500
1137952,10-Feb-11,M2J,4.00
1137960,15-Feb-11,M5V,<0.500
1137964,15-Feb-11,M4N,<0.500
1138756,13-Feb-11,M6H,<0.500
1138777,10-Feb-11,M6H,0.900
1138784,07-Feb-11,M6P,7.00
1138789,08-Feb-11,M6K,<0.500
1138799,10-Feb-11,M9B,<0.500
1138804,10-Feb-11,M6E,0.800
1138807,10-Feb-11,M8Z,<0.500
1138813,16-Feb-11,M1G,2.00
1138820,11-Feb-11,M6J,3.00
1138822,11-Feb-11,M9B,<0.500
1138823,13-Feb-11,M6C,5.00
1138826,25-Jan-11,M1G,<0.500
1138828,14-Feb-11,M6E,9.00
1138833,14-Feb-11,M6G,1.00
1138848,20-Jan-11,M6H,4.00
1138850,14-Feb-11,M6R,<0.500
1138855,17-Feb-11,M6C,12.0
1138868,14-Feb-11,M6H,6.00
1138869,04-Feb-11,M8X,<0.500
1139530,29-Jan-11,M6P,<0.500
1140121,11-Feb-11,M6B,4.00
1140166,08-Feb-11,M4N,7.00
1140185,09-Feb-11,M2N,<0.500
1140187,11-Feb-11,M2M,10.0
1140188,15-Feb-11,M5M,2.00
1141074,24-Feb-11,M6S,1.00
1141079,18-Feb-11,M6E,14.0
1141080,17-Feb-11,M6S,2.00
1141081,17-Feb-11,M6P,1.00
1141095,16-Feb-11,M6R,3.00
1141968,15-Feb-11,M4J,9.00
1141970,16-Feb-11,M4G,<0.500
1141971,14-Feb-11,M4M,6.00
1141972,10-Feb-11,M4P,6.00
1141973,08-Feb-11,M4J,<0.500
1141974,05-Feb-11,M6G,1300
1141975,25-Feb-11,M4G,<0.500
1141980,14-Feb-11,M4L,4.00
1142000,07-Feb-11,M4K,3.00
1142001,16-Feb-11,M4E,<0.500
1142005,06-Feb-11,M4L,<0.500
1142013,04-Feb-11,M4K,<0.500
1142020,16-Feb-11,M1R,<0.500
1142033,10-Feb-11,M4B,<0.500
1142033,10-Feb-11,M4B,<0.500
1142036,15-Feb-11,M4S,5.00
1142038,21-Feb-11,M4M,9960
1142040,11-Feb-11,M4E,0.900
1142041,17-Feb-11,M4J,<0.500
1142043,17-Feb-11,M4K,<0.500
1142056,10-Feb-11,M4E,<0.500
1142057,17-Feb-11,M4S,6.00
1142062,18-Feb-11,M4E,8.00
1142064,18-Feb-11,M4M,<0.500
1142065,15-Feb-11,M6H,<0.500
1142068,17-Feb-11,M4L,2.00
1142071,18-Feb-11,M4J,5.00
1142072,08-Feb-11,M4L,<0.500
1142073,15-Feb-11,M4L,3.00
1142074,03-Feb-11,M4G,<0.500
1142075,10-Feb-11,M4K,47.0
1143572,18-Feb-11,M4K,6.00
1143573,17-Feb-11,M6G,5.00
1143574,17-Feb-11,M4C,2.00
1143575,15-Feb-11,M4C,2.00
1143577,15-Feb-11,M4S,4.00
1143579,13-Feb-11,M6N,3.00
1143589,20-Feb-11,M4C,53.0
1143602,21-Feb-11,M4C,4.00
1143608,22-Feb-11,M4S,2.00
1143614,22-Feb-11,M6P,2.00
1143630,23-Feb-11,M6H,5.00
1143633,23-Feb-11,M6H,2.00
1143635,23-Feb-11,M6P,4.00
1143650,23-Feb-11,M6G,2.00
1144204,25-Feb-11,M6P,5.00
1144205,25-Feb-11,M4J,1.00
1144206,27-Feb-11,M6S,2.00
1144207,27-Feb-11,M6S,17.0
1144208,27-Feb-11,M2M,2.00
1144209,27-Feb-11,M5R,2.00
1144210,28-Feb-11,M6H,2.00
1144211,28-Feb-11,M6P,2.00
1144212,28-Feb-11,M6G,4.00
1144242,28-Feb-11,M4W,2.00
1144265,28-Feb-11,M6J,6.00
1144269,28-Feb-11,M6E,6.00
1144275,28-Feb-11,M6G,6.00
1144277,28-Feb-11,M6H,3.00
1144278,02-Mar-11,M9N,2.00
1144280,01-Mar-11,M6H,12.0
1144282,01-Mar-11,M6R,12.0
1144283,01-Mar-11,M6S,2.00
1144373,02-Mar-11,M4L,3.00
1144374,02-Mar-11,M4K,3.00
1144375,01-Mar-11,M4L,11.0
1144376,01-Mar-11,M4C,5.00
1144377,28-Feb-11,M4J,2.00
1144385,22-Feb-11,M4G,2.00
1144386,22-Feb-11,M4G,1.00
1145718,24-Feb-11,M6S,<0.500
1145720,22-Feb-11,M4B,6.00
1145721,22-Feb-11,M6E,3.00
1145722,19-Feb-11,M6G,7.00
1145728,18-Feb-11,M4T,<0.500
1145729,17-Feb-11,M4G,1010
1145736,28-Feb-11,M3H,<0.500
1145742,01-Mar-11,M5M,9.00
1145744,02-Mar-11,M2N,7.00
1145745,28-Feb-11,M4T,14.0
1145750,07-Mar-11,M5M,2.00
1145762,08-Mar-11,M5M,17.0
1145766,24-Feb-11,M4G,<0.500
1145767,04-Mar-11,M4R,3.00
1145921,24-Feb-11,M2N,0.500
1146051,01-Mar-11,M8W,5.00
1146082,01-Mar-11,M6K,4.00
1146083,01-Mar-11,M6R,4.00
1146084,02-Mar-11,M6P,12.0
1146086,02-Mar-11,M6S,10.0
1146087,04-Mar-11,M4C,9.00
1146088,03-Mar-11,M4S,<0.500
1146089,06-Mar-11,M6C,<0.500
1146090,07-Mar-11,M9V,0.800
1146091,07-Mar-11,M5R,<0.500
1146093,08-Mar-11,M6J,8.00
1146094,10-Mar-11,M6J,17.0
1146099,04-Mar-11,M6G,10.0
1150699,08-Mar-11,M4K,1.00
1150701,08-Mar-11,M4K,0.600
1152299,11-Mar-11,M4J,5.00
1152301,14-Mar-11,M6K,1.00
1152302,07-Mar-11,M6P,3.00
1152303,14-Mar-11,M6H,2.00
1152304,07-Mar-11,M4R,4.00
1152305,07-Mar-11,M4C,51.0
1152306,11-Mar-11,M5P,<0.500
1152307,10-Mar-11,M1N,4.00
1152336,07-Mar-11,M6E,4.00
1152337,09-Mar-11,M6C,85.0
1152338,07-Mar-11,M4C,9.00
1152339,07-Mar-11,M1N,2.00
1152340,15-Mar-11,M4G,0.500
1152341,12-Mar-11,M1V,<0.500
1152342,07-Mar-11,M4K,11.0
1152344,15-Mar-11,M6S,6.00
1152345,03-Mar-11,M6H,<0.500
1152346,03-Mar-11,M4E,<0.500
1152347,03-Mar-11,M4W,0.700
1152348,03-Mar-11,M6H,17.0
1152349,03-Mar-11,M6P,2.00
1152350,04-Mar-11,M6P,19.0
1152351,05-Mar-11,M4M,1.00
1152352,05-Mar-11,M4M,<0.500
1152353,06-Mar-11,M6C,3.00
1152354,06-Mar-11,M4J,56.0
1152364,08-Mar-11,M4S,9.00
1152365,08-Mar-11,M4J,2.00
1152366,08-Mar-11,M4K,<0.500
1152371,08-Mar-11,M4K,5.00
1152380,10-Mar-11,M4K,18.0
1152381,10-Mar-11,M9N,49.0
1152382,10-Mar-11,M6P,2.00
1152383,10-Mar-11,M4C,8.00
1152384,10-Mar-11,M6S,1.00
1152385,11-Mar-11,M8V,<0.500
1152409,11-Mar-11,M4G,3.00
1152411,13-Mar-11,M4N,4.00
1152412,13-Mar-11,M5A,<0.500
1152420,13-Mar-11,M4E,2.00
1153032,09-Mar-11,M2N,<0.500
1153036,14-Mar-11,M4J,5.00
1153037,19-Mar-11,M4L,11.0
1153038,14-Mar-11,M1N,<0.500
1153039,14-Mar-11,M8W,2.00
1153064,14-Mar-11,M4K,14.0
1153065,14-Mar-11,M6N,3.00
1153066,14-Mar-11,M6B,<0.500
1153081,21-Mar-11,M6R,40.0
1153082,21-Mar-11,M1H,2.00
1153083,22-Mar-11,M4L,<0.500
1153084,18-Mar-11,M4L,4.00
1153085,16-Mar-11,M4K,2.00
1153087,16-Mar-11,M9A,2.00
1153088,16-Mar-11,M8Y,4.00
1153108,16-Mar-11,M4E,2.00
1153112,17-Mar-11,M6H,0.700
1153114,17-Mar-11,M4C,3.00
1153134,17-Mar-11,M4J,<0.500
1153137,15-Mar-11,M6E,4.00
1153163,15-Mar-11,M6G,10.0
1153164,15-Mar-11,M6B,0.900
1153165,15-Mar-11,M4B,<0.500
1153166,15-Mar-11,M5N,9.00
1153186,15-Mar-11,M3H,<0.500
1153187,15-Mar-11,M6R,<0.500
1153188,15-Mar-11,M6S,53.0
1153189,15-Mar-11,M6H,11.0
1153190,15-Mar-11,M5R,2.00
1153197,15-Mar-11,M6N,4.00
1153198,14-Mar-11,M4J,7.00
1153204,16-Mar-11,M6J,0.700
1153320,28-Mar-11,M6J,9270
1153339,23-Mar-11,M6J,5.00
1153360,22-Mar-11,M4M,3.00
1153361,22-Mar-11,M6H,2.00
1153384,22-Mar-11,M5S,4.00
1153386,16-Mar-11,M5T,11500
1153391,18-Mar-11,M6H,3.00
1153399,21-Mar-11,M4S,<0.500
1153422,22-Mar-11,M4S,5.00
1154863,23-Mar-11,M6H,2.00
1154864,24-Mar-11,M6N,1.00
1154865,24-Mar-11,M6S,<0.500
1154867,24-Mar-11,M6P,2.00
1154868,25-Mar-11,M6H,1.00
1154869,25-Mar-11,M6P,1.00
1154870,27-Mar-11,M6K,3.00
1154871,28-Mar-11,M6P,<0.500
1154872,28-Mar-11,M6G,5.00
1154873,28-Mar-11,M4K,3.00
1154874,29-Mar-11,M9B,2.00
1154881,30-Mar-11,M4G,7.00
1154907,31-Mar-11,M4G,7.00
1154923,31-Mar-11,M6J,2.00
1154924,31-Mar-11,M4G,8.00
1155147,26-Mar-11,M6G,4.00
1155152,30-Mar-11,M6H,3.00
1155726,20-Mar-11,M4L,23.0
1157538,25-Mar-11,M4E,2.00
1157539,31-Mar-11,M4L,2.00
1157553,01-Apr-11,M4J,38.0
1157561,01-Apr-11,M4K,2.00
1157562,03-Apr-11,M6G,5.00
1157563,04-Apr-11,M4M,0.600
1157564,05-Apr-11,M4J,<0.500
1157565,05-Apr-11,M4E,2.00
1157566,06-Apr-11,M4L,10.0
1159352,16-Feb-11,M6H,2060
1159372,30-Mar-11,M8V,<0.500
1159373,01-Apr-11,M6P,<0.500
1159381,13-Apr-11,M6H,0.800
1159388,03-Apr-11,M8Z,6.00
1159391,03-Apr-11,M6H,4.00
1159405,03-Apr-11,M5S,<0.500
1159409,04-Apr-11,M6E,14.0
1159413,04-Apr-11,M5R,14.0
1159414,04-Apr-11,M6K,3310
1159456,04-Apr-11,M8Y,<0.500
1159600,04-Apr-11,M6P,<0.500
1159606,05-Apr-11,M5R,21.0
1159611,05-Apr-11,M3K,<0.500
1159623,06-Apr-11,M6G,4.00
1159640,07-Apr-11,M6C,3.00
1159654,07-Apr-11,M6K,28.0
1159662,07-Apr-11,M6P,3.00
1159669,07-Apr-11,M6N,<0.500
1159671,08-Apr-11,M6G,15.0
1159677,08-Apr-11,M6R,3.00
1159678,08-Apr-11,M6C,7.00
1159678,08-Apr-11,M6C,7.00
1159679,11-Apr-11,M6S,1.00
1159679,11-Apr-11,M6S,1.00
1159681,11-Apr-11,M6P,6.00
1159681,11-Apr-11,M6P,6.00
1159682,12-Apr-11,M6P,<0.500
1159682,12-Apr-11,M6P,<0.500
1159683,12-Apr-11,M9B,<0.500
1159683,12-Apr-11,M9B,<0.500
1160388,15-Apr-11,M4M,3.00
1160388,15-Apr-11,M4M,3.00
1160389,15-Apr-11,M4M,2.00
1160389,15-Apr-11,M4M,2.00
1160408,13-Apr-11,M4C,6.00
1160408,13-Apr-11,M4C,6.00
1160417,13-Apr-11,M4J,<0.500
1160417,13-Apr-11,M4J,<0.500
1160421,12-Apr-11,M4E,0.900
1160421,12-Apr-11,M4E,0.900
1160435,12-Apr-11,M6G,1.00
1160435,12-Apr-11,M6G,1.00
1160437,11-Apr-11,M4B,<0.500
1160437,11-Apr-11,M4B,<0.500
1160437,11-Apr-11,M4B,<0.500
1160454,11-Apr-11,M4J,1.00
1160455,08-Apr-11,M4G,<0.500
1160455,08-Apr-11,M4G,<0.500
1160456,08-Apr-11,M4L,<0.500
1160456,08-Apr-11,M4L,0.500
1160457,06-Apr-11,M4J,10.0
1161711,14-Mar-11,M3A,<0.500
1161714,24-Mar-11,M4P,16.0
1161717,25-Mar-11,M4N,<0.500
1161741,25-Mar-11,M4M,6.00
1161742,26-Mar-11,M4L,6.00
1161743,27-Mar-11,M4N,12.0
1161745,28-Mar-11,M5M,20.0
1161746,29-Mar-11,M4M,9.00
1161747,31-Mar-11,M4J,2.00
1161749,30-Mar-11,M4G,<0.500
1161750,30-Mar-11,M6C,<0.500
1161751,30-Mar-11,M6E,<0.500
1161752,01-Apr-11,M6G,91.0
1161755,02-Apr-11,M6G,20.0
1161756,14-Apr-11,M2P,<0.500
1161757,04-Apr-11,M2N,<0.500
1161758,05-Apr-11,M5R,<0.500
1161759,05-Apr-11,M6R,<0.500
1161768,05-Apr-11,M6C,3.00
1161870,06-Apr-11,M4V,1.00
1161876,06-Apr-11,M6G,2.00
1161885,06-Apr-11,M5M,3.00
1161902,06-Apr-11,M4T,<0.500
1161907,07-Apr-11,M6J,4.00
1161909,07-Apr-11,M6C,28.0
1161909,07-Apr-11,M6C,28.0
1161921,07-Apr-11,M4R,3.00
1161927,07-Apr-11,M3A,<0.500
1161928,08-Apr-11,M4V,<0.500
1161928,08-Apr-11,M4V,<0.500
1161929,08-Apr-11,M5R,9.00
1161931,08-Apr-11,M4N,16.0
1161931,08-Apr-11,M4N,16.0
1161932,10-Apr-11,M4L,1.00
1161932,10-Apr-11,M4L,1.00
1161933,11-Apr-11,M4M,4.00
1161933,11-Apr-11,M4M,4.00
1161942,01-Apr-11,M4X,6.00
1161943,11-Apr-11,M5M,9.00
1161943,11-Apr-11,M5M,9.00
1161949,12-Apr-11,M6P,18.0
1161949,12-Apr-11,M6P,18.0
1161957,13-Apr-11,M4K,3.00
1161966,13-Apr-11,M4S,<0.500
1161966,13-Apr-11,M4S,<0.500
1161975,14-Apr-11,M4S,3.00
1161980,15-Apr-11,M6G,2060
1161981,15-Apr-11,M6G,8.00
1161981,15-Apr-11,M6G,8.00
1161982,15-Apr-11,M4N,0.800
1161982,15-Apr-11,M4N,0.800
1161984,15-Apr-11,M6N,5.00
1161984,15-Apr-11,M6N,5.00
1163208,11-Apr-11,M6G,3.00
1163208,11-Apr-11,M6G,3.00
1163218,15-Apr-11,M6K,8.00
1163218,15-Apr-11,M6K,8.00
1164238,28-Mar-11,M1N,2.00
1164241,15-Apr-11,M1R,9.00
1164242,11-Apr-11,M8W,<0.500
1164243,08-Apr-11,M1S,0.600
1164361,28-Apr-11,M6R,3.00
1164368,12-Apr-11,M4M,7.00
1164374,13-Apr-11,M4M,0.600
1164375,13-Apr-11,M4C,38.0
1164376,13-Apr-11,M6R,3.00
1164377,14-Apr-11,M4S,0.800
1164378,14-Apr-11,M6E,3.00
1164379,14-Apr-11,M6E,<0.500
1164380,16-Apr-11,M6G,4.00
1164381,16-Apr-11,M4E,14.0
1164383,15-Apr-11,M4S,2.00
1164387,15-Apr-11,M4E,6.00
1164402,18-Apr-11,M6J,3.00
1164403,18-Apr-11,M6C,<0.500
1164410,18-Apr-11,M4C,<0.500
1164419,18-Apr-11,M5R,2.00
1164425,19-Apr-11,M6P,7.00
1164427,19-Apr-11,M6G,7.00
1164432,20-Apr-11,M6P,2.00
1164435,20-Apr-11,M6S,0.700
1164459,20-Apr-11,M4E,27.0
1164494,20-Apr-11,M4L,1860
1164497,21-Apr-11,M4P,7.00
1164498,21-Apr-11,M6N,5.00
1164500,21-Apr-11,M6H,2.00
1164504,27-Apr-11,M4X,92.0
1165620,05-Apr-11,M1K,0.900
1165628,02-May-11,M4L,8.00
1165632,12-Apr-11,M4E,10.0
1165633,12-Apr-11,M1E,<0.500
1165636,13-Apr-11,M6R,1.00
1165652,14-Apr-11,M6P,10.0
1165653,15-Apr-11,M4J,5.00
1165656,24-Apr-11,M9N,5.00
1165797,24-Apr-11,M9N,<0.500
1165819,23-Apr-11,M4S,5.00
1165837,21-Apr-11,M6H,1.00
1165841,21-Apr-11,M6R,0.600
1165851,21-Apr-11,M4E,1.00
1165857,20-Apr-11,M4K,1580
1165869,24-Apr-11,M4J,2.00
1165876,20-Apr-11,M4J,0.600
1165884,20-Apr-11,M1L,0.700
1165898,19-Apr-11,M4J,<0.500
1165900,18-Apr-11,M5S,1.00
1165901,18-Apr-11,M8V,0.800
1165902,16-Apr-11,M4M,0.600
1165903,18-Apr-11,M4L,1.00
1165904,18-Apr-11,M4K,1.00
1165905,18-Apr-11,M5T,0.700
1166105,17-Apr-11,M4C,36.0
1166106,17-Apr-11,M9B,3.00
1166113,17-Apr-11,M1C,2.00
1168382,21-Apr-11,M1K,74.0
1168394,09-May-11,M6H,1.00
1168400,26-Apr-11,M4K,<0.500
1168403,09-May-11,M4L,2.00
1168404,09-May-11,M4M,6.00
1168411,21-Apr-11,M4J,3.00
1168775,27-Apr-11,M4C,<0.500
1168777,29-Apr-11,M4M,10.0
1168778,27-Apr-11,M4E,4.00
1168781,26-Apr-11,M4L,3.00
1168784,29-Apr-11,M4C,8660
1168893,05-May-11,M4P,0.900
1168902,29-Apr-11,M6C,<0.500
1168908,20-Apr-11,M4J,2.00
1168916,17-Apr-11,M4C,<0.500
1168920,28-Apr-11,M4L,3.00
1168924,23-Apr-11,M4J,21.0
1168927,02-May-11,M4J,2.00
1168932,02-May-11,M4K,0.600
1168936,27-Apr-11,M4M,2.00
1168941,23-Apr-11,M4L,8.00
1168944,28-Apr-11,M4C,5.00
1168950,27-Apr-11,M4C,<0.500
1168963,04-May-11,M4J,0.800
1168966,21-Apr-11,M4S,12.0
1168967,21-Apr-11,M5A,10.0
1168973,21-Apr-11,M1K,3.00
1168981,08-Apr-11,M5A,5.00
1169749,05-May-11,M4S,5.00
1169750,02-May-11,M6C,<0.500
1169751,28-Apr-11,M4S,2.00
1170848,13-Apr-11,M4S,6.00
1170850,29-Apr-11,M5S,13.0
1170921,09-May-11,M6E,26.0
1170922,09-May-11,M4X,<0.500
1170924,02-May-11,M5A,<0.500
1170925,02-May-11,M4P,<0.500
1170926,04-May-11,M6G,0.600
1170927,05-May-11,M6G,<0.500
1170928,05-May-11,M6J,5.00
1170929,24-Apr-11,M4N,19.0
1170930,21-Apr-11,M5N,<0.500
1170938,20-Apr-11,M6B,5.00
1170960,19-Apr-11,M6G,8.00
1170961,19-Apr-11,M5M,11.0
1170964,26-Apr-11,M2M,<0.500
1170966,26-Apr-11,M2N,<0.500
1170969,27-Apr-11,M6H,6.00
1170970,28-Apr-11,M6K,0.900
1170971,28-Apr-11,M6P,6.00
1170979,29-Apr-11,M6S,7.00
1170980,28-Apr-11,M8Z,<0.500
1170981,29-Apr-11,M5S,0.700
1170982,29-Apr-11,M6J,16.0
1170983,29-Apr-11,M6H,4.00
1170985,30-Apr-11,M4N,6.00
1170988,01-May-11,M6G,4.00
1170989,01-May-11,M6L,<0.500
1171014,26-Mar-11,M4S,4.00
1171017,03-May-11,M4M,3.00
1171018,03-May-11,M6C,5.00
1171020,03-May-11,M5S,4.00
1171021,04-May-11,M4L,1.00
1171022,04-May-11,M4M,4.00
1171023,04-May-11,M2J,<0.500
1171024,04-May-11,M6R,0.900
1171025,04-May-11,M5S,<0.500
1171026,05-May-11,M4N,0.600
1171027,05-May-11,M6N,3.00
1171092,05-May-11,M6E,16.0
1171093,05-May-11,M4K,3.00
1171094,05-May-11,M4C,12.0
1171095,08-May-11,M8X,0.900
1171096,08-May-11,M4X,14.0
1171103,06-May-11,M4G,1.00
1171105,06-May-11,M6R,5.00
1171112,06-May-11,M6R,1.00
1171113,06-May-11,M9A,0.900
1171115,06-May-11,M2R,0.900
1171117,09-May-11,M6H,240000
1171122,09-May-11,M4X,13.0
1171123,09-May-11,M6H,240000
1171127,09-May-11,M6J,14.0
1171129,10-May-11,M4G,0.800
1171131,10-May-11,M4E,0.700
1171132,16-May-11,M9A,0.700
1171137,09-May-11,M6J,1.00
1171139,17-Apr-11,M4N,11.0
1171140,11-May-11,M4M,10.0
1171819,25-Mar-11,M4S,2.00
1171830,25-Mar-11,M2N,1.00
1172334,19-May-11,M4N,19.0
1172335,15-May-11,M5N,7.00
1172336,11-May-11,M4S,22.0
1172448,27-Apr-11,M1N,6.00
1172457,08-May-11,M5T,5250
1172458,08-May-11,M4M,16.0
1172462,12-May-11,M4J,0.700
1172479,11-May-11,M4M,2.00
1172489,09-May-11,M5S,4.00
1172490,10-May-11,M6P,3.00
1172497,11-May-11,M6E,3.00
1172500,11-May-11,M6H,1.00
1172513,11-May-11,M6K,7.00
1172524,11-May-11,M6P,8.00
1172528,12-May-11,M6P,3.00
1172529,12-May-11,M6H,4.00
1172536,12-May-11,M8X,<0.500
1172538,12-May-11,M6P,6.00
1172540,12-May-11,M4B,<0.500
1172543,12-May-11,M4J,15.0
1172549,13-May-11,M6J,14.0
1172551,13-May-11,M6C,9.00
1172554,13-May-11,M4L,15.0
1172556,14-May-11,M9B,2.00
1172564,15-May-11,M6E,4.00
1172567,16-May-11,M4C,<0.500
1172568,16-May-11,M6G,8.00
1172569,16-May-11,M4C,4.00
1172570,16-May-11,M6H,3.00
1172575,16-May-11,M9P,0.800
1172582,16-May-11,M5B,6.00
1172583,17-May-11,M5R,0.800
1172584,17-May-11,M5A,5.00
1172585,17-May-11,M6R,27.0
1173147,17-May-11,M4C,4.00
1173148,17-May-11,M1M,33.0
1173150,18-May-11,M4C,18.0
1175763,18-May-11,M6P,<0.500
1175764,19-May-11,M6K,2.00
1175765,19-May-11,M6H,9.00
1175766,19-May-11,M6E,8.00
1175767,19-May-11,M6J,2.00
1175768,23-May-11,M6J,<0.500
1175775,23-May-11,M6H,11.0
1175776,20-May-11,M6E,<0.500
1175777,20-May-11,M5R,5.00
1177652,15-May-11,M2N,2.00
1177654,17-May-11,M5M,<0.500
1177661,17-May-11,M2R,<0.500
1177670,18-May-11,M5M,3.00
1177706,20-May-11,M5M,11.0
1177712,17-May-11,M5M,<0.500
1177718,24-May-11,M4S,2.00
1177758,25-May-11,M8Z,1260
1177764,24-May-11,M5M,<0.500
1177766,25-May-11,M4J,9.00
1177774,17-May-11,M4L,4.00
1177787,20-May-11,M4J,<0.500
1177789,24-May-11,M6P,<0.500
1177792,26-May-11,M6H,0.800
1177795,25-May-11,M4C,5.00
1177803,29-May-11,M4N,0.900
1177805,02-Jun-11,M4V,7.00
1177809,27-May-11,M6G,3.00
1177815,19-May-11,M4G,5.00
1177819,24-May-11,M1L,4.00
1177821,24-May-11,M6P,3.00
1177824,24-May-11,M4K,6.00
1177825,27-May-11,M8X,3.00
1177827,27-May-11,M4K,1340
1177829,26-May-11,M6S,4.00
1177830,26-May-11,M4V,2.00
1177831,20-May-11,M4J,0.500
1177832,26-May-11,M8Z,<0.500
1177834,01-Jun-11,M4J,<0.500
1178446,01-Jun-11,M6E,3.00
1178447,05-May-11,M5A,12.0
1178448,25-May-11,M4L,<0.500
1178449,25-May-11,M5A,12.0
1178450,02-Jun-11,M4E,11.0
1178451,25-May-11,M5S,9.00
1178453,31-May-11,M4N,9.00
1178468,25-May-11,M5N,6.00
1179260,25-May-11,M4K,6.00
1180784,04-May-11,M4C,2.00
1180787,30-May-11,M6P,7.00
1180788,30-May-11,M3H,0.700
1180789,01-Jun-11,M8Y,1.00
1180790,02-Jun-11,M8Y,<0.500
1180797,02-Jun-11,M8X,0.900
1180798,03-Jun-11,M6E,1.00
1180799,03-Jun-11,M6N,5.00
1180804,02-Jun-11,M6E,15.0
1180805,03-Jun-11,M6G,10.0
1180806,05-Jun-11,M6R,3.00
1180860,06-Jun-11,M6G,2.00
1180866,06-Jun-11,M8V,2.00
1180869,06-Jun-11,M6G,8.00
1180879,07-Jun-11,M6N,1.00
1180882,07-Jun-11,M4E,5.00
1180887,08-Jun-11,M6P,11.0
1180890,08-Jun-11,M6P,0.700
1180918,02-Jun-11,M4J,1.00
1180925,03-Jun-11,M4C,2.00
1180925,03-Jun-11,M4C,2.00
1180938,06-Jun-11,M4E,19.0
1180938,06-Jun-11,M4E,19.0
1180943,06-Jun-11,M4M,7.00
1180946,06-Jun-11,M4M,4.00
1180948,07-Jun-11,M4C,10.0
1182001,13-Jun-11,M4K,8.00
1182582,25-May-11,M6N,1.00
1182715,04-Jun-11,M4L,10.0
1182717,05-Jun-11,M6J,10.0
1182720,06-Jun-11,M4J,11.0
1182751,01-Jun-11,M6J,9.00
1182754,08-Jun-11,M4J,4.00
1182764,09-Jun-11,M4W,7.00
1182767,09-Jun-11,M5A,8.00
1182770,13-Jun-11,M5T,7.00
1184116,04-May-11,M4L,2.00
1186308,01-Jun-11,M5N,6.00
1186310,02-Jun-11,M1S,2.00
1186316,06-Jun-11,M6K,2.00
1186329,07-Jun-11,M6E,10.0
1186334,08-Jun-11,M6H,0.800
1186336,08-Jun-11,M1V,1.00
1186337,08-Jun-11,M6P,2.00
1186354,08-Jun-11,M9B,2.00
1186355,08-Jun-11,M6P,4.00
1186356,09-Jun-11,M4J,1.00
1186357,09-Jun-11,M4G,19.0
1186358,10-Jun-11,M6K,1.00
1186359,10-Jun-11,M8Y,2.00
1186360,12-Jun-11,M6G,3.00
1186361,13-Jun-11,M4M,4.00
1186559,13-Jun-11,M4K,12.0
1186622,13-Jun-11,M9R,1.00
1186623,13-Jun-11,M6P,6.00
1186624,14-Jun-11,M4C,3.00
1186625,14-Jun-11,M6J,15400
1186642,14-Jun-11,M6P,3.00
1186649,14-Jun-11,M1N,3.00
1186681,15-Jun-11,M4L,8.00
1186686,15-Jun-11,M4C,8.00
1186688,15-Jun-11,M8V,2.00
1186695,15-Jun-11,M6P,6.00
1186710,16-Jun-11,M4B,0.600
1186711,16-Jun-11,M1P,<0.500
1186713,30-May-11,M5N,9.00
1186729,30-May-11,M5N,6.00
1186731,31-May-11,M2M,6.00
1186737,03-Jun-11,M5N,5.00
1186739,08-Jun-11,M6G,4.00
1186758,09-Jun-11,M6B,<0.500
1186759,16-Jun-11,M2N,2.00
1186760,05-Jun-11,M6G,6.00
1186767,09-Jun-11,M6H,4.00
1186772,08-Jun-11,M5M,<0.500
1186774,09-Jun-11,M4A,1.00
1186783,22-Jun-11,M5M,<0.500
1186787,07-Jun-11,M5M,10.0
1186792,31-May-11,M4N,<0.500
1186794,17-Jun-11,M4G,1.00
1188448,16-Jun-11,M1M,25.0
1188449,25-Jun-11,M1M,2.00
1189137,14-Jun-11,M8V,<0.500
1189326,16-Jun-11,M6J,3.00
1189328,16-Jun-11,M6P,7.00
1189335,18-Jun-11,M4G,0.900
1189336,20-Jun-11,M4C,2.00
1189337,20-Jun-11,M6G,51.0
1189341,20-Jun-11,M4B,0.700
1189383,20-Jun-11,M4J,7.00
1189384,20-Jun-11,M4B,1.00
1189385,20-Jun-11,M4K,0.600
1189386,22-Jun-11,M6R,5.00
1189389,21-Jun-11,M6H,4.00
1189390,21-Jun-11,M4J,4.00
1189391,22-Jun-11,M9A,1.00
1189392,22-Jun-11,M4L,2.00
1189393,23-Jun-11,M4C,4.00
1189394,23-Jun-11,M4C,5.00
1189395,28-Jun-11,M4K,1.00
1189840,11-Jun-11,M4E,18.0
1189842,29-Jun-11,M4K,8.00
1189844,17-Jun-11,M6J,6.00
1189846,26-Jun-11,M4K,<0.500
1189851,23-Jun-11,M4M,5.00
1189870,26-Jun-11,M4K,2.00
1189890,21-Jun-11,M6G,1.00
1189895,09-Jun-11,M4M,4.00
1189898,27-Jun-11,M5A,2.00
1189899,16-Jun-11,M5R,0.500
1189900,20-Jun-11,M4T,0.700
1189902,24-Jun-11,M4L,12.0
1189903,15-Jun-11,M4S,4.00
1190477,14-Jun-11,M4K,8.00
1190482,23-Jun-11,M5R,3.00
1190484,14-Jun-11,M3H,0.600
1190486,23-Jun-11,M5G,1.00
1190487,22-Jun-11,M5A,4.00
1190490,22-Jun-11,M4L,5.00
1190502,24-Jun-11,M4J,12.0
1190508,23-Jun-11,M4J,11.0
1190514,21-Jun-11,M4E,1.00
1190520,23-Jun-11,M4C,0.900
1190523,23-Jun-11,M6P,1.00
1190579,25-Jun-11,M4J,2.00
1190582,28-Jun-11,M4S,<0.500
1190615,28-Jun-11,M4S,4.00
1190616,30-Jun-11,M1W,<0.500
1190620,24-Jun-11,M4J,0.900
1193695,29-Jun-11,M8W,2.00
1193700,28-Jun-11,M8W,5.00
1193707,28-Jun-11,M6R,9.00
1193710,04-Jul-11,M6S,36.0
1193712,06-Jul-11,M4L,2.00
1193713,08-Jul-11,M6J,8.00
1193722,08-Jul-11,M4L,4.00
1193730,05-Jul-11,M4L,2.00
1193735,30-Jun-11,M4K,3.00
1193738,30-Jun-11,M4C,2.00
1193740,30-Jun-11,M4C,2.00
1193742,02-Jul-11,M4C,16.0
1193744,28-Jun-11,M4E,2.00
1193746,30-Jun-11,M4L,6.00
1193749,05-Jul-11,M1N,2.00
1193879,30-Jun-11,M4J,4.00
1193881,30-Jun-11,M4C,46.0
1193882,07-Jul-11,M4S,0.900
1193883,28-Jun-11,M4C,2.00
1193884,04-Jul-11,M4C,2.00
1194306,29-Jun-11,M6N,46.0
1194307,07-Jul-11,M6R,2.00
1194308,30-Jun-11,M6P,11.0
1194313,04-Jul-11,M6P,10.0
1194318,06-Jul-11,M6P,1.00
1194319,27-Jun-11,M6E,2.00
1194320,23-Jun-11,M6N,8.00
1194327,04-Jul-11,M6P,0.800
1194329,28-Jun-11,M4V,2.00
1194331,05-Jun-11,M6G,46600
1194332,22-Jun-11,M6M,0.900
1194333,06-Jul-11,M6S,12.0
1194334,28-Jun-11,M4V,3.00
1194341,07-Jul-11,,0.900
1194342,29-Jun-11,M6J,3.00
1194344,05-Jul-11,M6R,7.00
1194670,28-Jun-11,M5T,49.0
1194671,24-Jun-11,M6N,6.00
1194672,27-Jun-11,M6P,5.00
1194675,05-Jul-11,M6P,11.0
1194682,07-Jul-11,M6S,1.00
1194688,29-Jun-11,M6H,2.00
1196732,11-Jul-11,M8Z,0.800
1196740,11-Jul-11,M6S,1280
1196744,12-Jul-11,M4X,4.00
1196749,08-Jul-11,M4V,1.00
1196752,12-Jul-11,M8Z,2.00
1196753,15-Jul-11,M4J,5.00
1196754,13-Jul-11,M4J,18.0
1196755,08-Jul-11,M4E,22.0
1196764,10-Jul-11,M4L,6.00
1196833,13-Jul-11,M4C,5.00
1196837,08-Jul-11,M4M,9.00
1196838,13-Jul-11,M4J,7.00
1196839,08-Jul-11,M4E,5.00
1196845,08-Jul-11,M4L,3.00
1196855,10-Jul-11,M4J,10.0
1196858,11-Jul-11,M4L,9.00
1199480,08-Jul-11,M5M,8.00
1199481,04-Jul-11,M4L,10.0
1199482,05-Jul-11,M6J,1.00
1199483,11-Jul-11,M4M,2.00
1199485,11-Jul-11,M6G,1.00
1199486,08-Jul-11,M4V,0.800
1199487,11-Jul-11,M6C,2.00
1199488,18-Jul-11,M4S,2.00
1199489,10-Jul-11,M6C,4.00
1199490,26-Jun-11,M6G,<0.500
1199491,19-Jul-11,M4L,8.00
1199492,05-Jul-11,M4W,0.600
1199497,27-Jun-11,M6G,0.900
1199500,18-Jul-11,M4G,1.00
1199501,05-Jul-11,M4E,2.00
1200081,22-Jun-11,M6E,1.00
1200082,26-Jun-11,M5M,0.800
1200083,29-Jun-11,M6G,4.00
1200084,27-Jun-11,M4N,4.00
1200102,28-Jun-11,M4N,7.00
1200104,29-Jun-11,M5P,0.900
1200109,29-Jun-11,M5P,3.00
1200113,29-Jun-11,M6E,10.0
1200124,04-Jul-11,M5T,8.00
1200136,04-Jul-11,M6E,7.00
1200137,05-Jul-11,M5S,4.00
1200138,05-Jul-11,M4W,15.0
1200139,05-Jul-11,M1M,0.800
1200156,05-Jul-11,M5R,8.00
1200158,06-Jul-11,M6H,1.00
1200159,07-Jul-11,M4T,10.0
1200160,07-Jul-11,M4K,10.0
1200168,08-Jul-11,M1R,12.0
1200174,11-Jul-11,M4M,2.00
1200331,11-Jul-11,M3B,0.800
1200337,11-Jul-11,M3B,0.800
1200354,12-Jul-11,M4K,6.00
1200364,01-Jul-11,M4T,20.0
1200371,12-Jul-11,M6C,1.00
1200374,13-Jul-11,M4W,28.0
1200381,12-Jul-11,M2M,15.0
1200553,13-Jul-11,M3H,1.00
1200563,13-Jul-11,M4W,16.0
1200570,13-Jul-11,M6J,4.00
1200573,13-Jul-11,M4W,17.0
1200574,13-Jul-11,M3M,0.800
1200575,13-Jul-11,M2N,0.600
1200587,14-Jul-11,M4M,3.00
1200588,14-Jul-11,M4W,76.0
1200596,14-Jul-11,M5M,<0.500
1200599,14-Jul-11,M4W,90.0
1200600,14-Jul-11,M4K,13.0
1200601,14-Jul-11,M4R,16.0
1200615,14-Jul-11,M4K,8.00
1200622,15-Jul-11,M5N,1280
1200625,18-Jul-11,M4L,1.00
1200626,18-Jul-11,M4E,<0.500
1200627,20-Jul-11,M6S,7.00
1200628,20-Jul-11,M4J,0.900
1200630,19-Jul-11,M5M,1.00
1200631,19-Jul-11,M4C,2.00
1200633,25-Jul-11,M6E,0.800
1201357,16-Jul-11,M5N,7460
1201360,19-Jul-11,M4K,1.00
1201368,20-Jul-11,M4N,5.00
1201378,21-Jul-11,M4N,9.00
1201381,25-Jul-11,M4S,1.00
1201390,25-Jul-11,M5M,7.00
1202011,15-Jul-11,M4L,2.00
1202121,03-Jun-11,M4L,14.0
1202682,14-Jul-11,M6H,1.00
1202683,13-Jul-11,M6P,0.800
1202684,22-Jul-11,M4C,1.00
1202686,07-Jul-11,M6R,4.00
1202687,13-Jul-11,M6S,4.00
1202698,29-Jul-11,M8W,3.00
1202700,29-Jul-11,M6H,0.900
1202717,27-Jul-11,M4C,9.00
1202724,27-Jul-11,M4C,13.0
1202725,22-Jul-11,M6J,6.00
1202726,22-Jul-11,M4L,5.00
1202727,21-Jul-11,M6R,2.00
1202728,21-Jul-11,M6R,4.00
1202729,21-Jul-11,M6R,16.0
1202730,21-Jul-11,M6G,2.00
1202731,21-Jul-11,M6S,2.00
1202732,21-Jul-11,M4E,50.0
1202733,21-Jul-11,M6R,1.00
1202734,21-Jul-11,M6R,2.00
1202735,20-Jul-11,M6R,9.00
1202739,20-Jul-11,M6G,5.00
1202740,20-Jul-11,M6M,11.0
1202742,20-Jul-11,M4E,2.00
1202752,20-Jul-11,M4L,5.00
1202755,18-Jul-11,M6P,20.0
1202865,15-Jul-11,M6E,1.00
1202866,28-Jul-11,M4E,2.00
1202868,28-Jul-11,M6R,9.00
1202872,15-Jul-11,M6E,7.00
1202874,15-Jul-11,M6E,4.00
1202875,15-Jul-11,M8Y,0.800
1202882,17-Jul-11,M5R,0.600
1202884,26-Jul-11,M4J,61.0
1202895,26-Jul-11,M9C,0.700
1203213,21-Jul-11,M6P,0.700
1203214,23-Jul-11,M6G,0.700
1203215,23-Jul-11,M6R,1.00
1203232,25-Jul-11,M4T,8.00
1203237,26-Jul-11,M5M,3.00
1203239,25-Jul-11,M4S,7.00
1205432,21-Jul-11,M6E,5.00
1205623,26-Jul-11,M1N,15.0
1205624,27-Jul-11,M4S,4.00
1205631,27-Jul-11,M4E,0.900
1205661,28-Jul-11,M4J,4.00
1205675,29-Jul-11,M4J,5.00
1205678,02-Aug-11,M4C,0.600
1205680,02-Aug-11,M4J,4.00
1205681,01-Aug-11,M4C,17.0
1205685,01-Aug-11,M5N,0.700
1205686,04-Aug-11,M4E,2.00
1206624,27-Jul-11,M4S,1.00
1206626,27-Jul-11,M5P,1.00
1206633,26-Jul-11,M3H,0.700
1206645,21-Jul-11,M5P,3.00
1206650,18-Jul-11,M5M,4.00
1206652,16-Jul-11,M4P,<0.500
1206654,29-Jul-11,M4S,3.00
1206655,29-Jul-11,M1J,38.0
1206656,05-Aug-11,M6A,0.500
1206657,08-Aug-11,M5M,18.0
1207706,10-Aug-11,M4C,15.0
1207707,10-Aug-11,M4J,11.0
1207708,10-Aug-11,M4E,4.00
1207709,08-Aug-11,M4E,3.00
1207710,07-Aug-11,M4K,9.00
1208016,18-Jun-11,M6J,0.500
1208326,10-Aug-11,M4L,6.00
1208327,09-Aug-11,M6S,12.0
1208328,06-Aug-11,M4L,6.00
1208329,03-Aug-11,M6R,1.00
1208330,07-Aug-11,M4L,13.0
1208331,04-Aug-11,M3H,1.00
1208332,04-Aug-11,M5A,4.00
1208333,27-Jul-11,M6K,14.0
1208336,26-Jul-11,M6N,49.0
1209363,28-Jul-11,M3H,0.900
1209370,28-Jul-11,M6S,12.0
1209381,27-Jul-11,M8V,0.700
1209383,02-Aug-11,M1C,8.00
1209385,05-Aug-11,M1N,6.00
1209408,09-Aug-11,M6P,8.00
1209419,11-Aug-11,M6G,8.00
1209427,12-Aug-11,M6R,3.00
1209443,12-Aug-11,M8Y,2.00
1209456,15-Aug-11,M8Y,0.600
1209465,15-Aug-11,M6R,2.00
1209474,10-Aug-11,M9B,1.00
1209485,10-Aug-11,M2N,0.800
1209496,05-Aug-11,M6P,6.00
1209500,04-Aug-11,M6P,<0.500
1209503,04-Aug-11,M6P,0.800
1209505,13-Aug-11,M6H,18.0
1209511,05-Aug-11,M6K,6.00
1209517,02-Aug-11,M6H,2.00
1210812,11-Aug-11,M4J,1.00
1210813,11-Aug-11,M4C,13.0
1210814,12-Aug-11,M5N,0.600
1210815,12-Aug-11,M4K,0.600
1210817,16-Aug-11,M4J,2.00
1210821,16-Aug-11,M4C,7.00
1210837,18-Aug-11,M4G,0.800
1210838,17-Aug-11,M4K,1.00
1210844,17-Aug-11,M4J,8.00
1210845,15-Aug-11,M4E,0.600
1211376,16-Aug-11,M6S,5.00
1211377,16-Aug-11,M6K,3.00
1213078,15-Aug-11,M5N,9.00
1213080,15-Aug-11,M5A,7.00
1213086,14-Aug-11,M4L,28.0
1213090,17-Aug-11,M6B,0.600
1213091,17-Aug-11,M4T,4.00
1213109,17-Aug-11,M5A,15.0
1213115,17-Aug-11,M8W,<0.500
1213116,17-Aug-11,M8W,<0.500
1213117,17-Aug-11,M6B,0.700
1213123,17-Aug-11,M5N,0.900
1213124,17-Aug-11,M4E,6.00
1213128,23-Aug-11,M4L,8.00
1213135,18-Aug-11,M6H,15.0
1213139,18-Aug-11,M6H,9.00
1213142,18-Aug-11,M6H,7.00
1213188,18-Aug-11,M4J,15.0
1213201,19-Aug-11,M4C,6.00
1213207,22-Aug-11,M4G,0.800
1213213,23-Aug-11,M4B,0.700
1213217,23-Aug-11,M4B,0.600
1213270,23-Aug-11,M4G,28.0
1213271,24-Aug-11,M4C,0.900
1213275,24-Aug-11,M4L,0.600
1214388,28-Aug-11,M3B,<0.500
1215704,22-Aug-11,M6S,22.0
1215713,22-Aug-11,M6P,2.00
1215714,23-Aug-11,M4W,1.00
1215715,23-Aug-11,M6G,1.00
1215716,23-Aug-11,M6G,5.00
1215717,23-Aug-11,M6G,22.0
1215734,24-Aug-11,M6R,1.00
1215740,24-Aug-11,M4J,0.900
1215752,25-Jul-11,M6P,13.0
1215753,25-Aug-11,M4C,27.0
1215755,25-Aug-11,M6K,1.00
1215760,25-Aug-11,M8V,<0.500
1215774,25-Aug-11,M9R,4.00
1215777,25-Aug-11,M6P,11.0
1215779,25-Aug-11,M5S,2.00
1215844,25-Aug-11,M5A,16.0
1215851,26-Aug-11,M8V,<0.500
1215852,26-Aug-11,M6G,2.00
1215853,26-Aug-11,M6G,2.00
1215860,28-Aug-11,M6S,1.00
1215861,28-Aug-11,M4G,0.800
1215862,29-Aug-11,M8W,0.600
1215864,29-Aug-11,M5R,0.600
1215865,02-Sep-11,M6H,7.00
1215866,30-Aug-11,M4W,<0.500
1215867,30-Aug-11,M6R,2.00
1215868,30-Aug-11,M6N,<0.500
1218727,17-Aug-11,M4J,11.0
1218728,20-Aug-11,M4M,12.0
1218729,25-Aug-11,M4K,31.0
1218733,29-Aug-11,M4J,40.0
1218739,29-Aug-11,M4M,27.0
1218740,26-Aug-11,M4J,5280
1218763,30-Aug-11,M1N,7.00
1218764,30-Aug-11,M4C,8.00
1218766,30-Aug-11,M4C,7.00
1218783,31-Aug-11,M6R,72.0
1218784,31-Aug-11,M4J,20.0
1218785,31-Aug-11,M4E,1220
1218786,13-Sep-11,M4K,5.00
1218790,13-Sep-11,M4C,9.00
1218967,02-Sep-11,M3H,3.00
1218968,17-Aug-11,M4N,2.00
1218974,09-Aug-11,M5M,12.0
1218977,29-Aug-11,M6E,5.00
1218978,24-Aug-11,M4N,5.00
1219000,02-Aug-11,M6C,<0.500
1219067,06-Sep-11,M4P,<0.500
1219070,09-Sep-11,M5M,3900
1219083,19-Aug-11,M4P,2.00
1219084,23-Aug-11,M2R,<0.500
1219085,30-Aug-11,M4S,5.00
1219086,16-Aug-11,M4R,<0.500
1219087,07-Sep-11,M5N,14.0
1219095,20-Aug-11,M6E,7.00
1219146,23-Aug-11,M5A,51.0
1219168,02-Sep-11,M3C,0.700
1219172,01-Sep-11,M6A,3.00
1219176,29-Aug-11,M4G,13.0
1219178,09-Aug-11,M4N,<0.500
1219375,31-Aug-11,M6K,11.0
1219380,08-Sep-11,M6A,<0.500
1219383,08-Sep-11,M9A,<0.500
1219528,05-Sep-11,M4L,8.00
1221273,15-Sep-11,M6C,1.00
1221276,30-Aug-11,M6B,2.00
1221283,08-Aug-11,M4S,6.00
1221309,23-Aug-11,M6J,5.00
1221316,30-Aug-11,M6E,16.0
1221336,12-Aug-11,M6P,6.00
1221355,25-Aug-11,M6J,0.900
1221391,20-Sep-11,M1G,<0.500
1221392,29-Aug-11,M6B,11.0
1221393,05-Sep-11,M4E,23.0
1221394,05-Sep-11,M4R,37.0
1221396,06-Sep-11,M5A,<0.500
1221400,06-Sep-11,M4L,13.0
1221401,08-Sep-11,M5A,8.00
1221403,12-Sep-11,M4C,7.00
1221409,12-Sep-11,M6H,4.00
1221416,12-Sep-11,M4G,5.00
1221419,12-Sep-11,M4E,0.900
1221420,13-Sep-11,M4P,0.800
1221421,13-Sep-11,M4C,<0.500
1221422,14-Sep-11,M4J,<0.500
1221423,14-Sep-11,M6G,3.00
1222668,01-Sep-11,M1L,2.00
1222675,31-Aug-11,M6H,<0.500
1222681,05-Sep-11,M4R,5.00
1222689,07-Sep-11,M6G,3.00
1222698,07-Sep-11,M6S,10.0
1222705,07-Sep-11,M6S,6.00
1222735,08-Sep-11,M6G,1.00
1222757,08-Sep-11,M6J,27.0
1222758,12-Sep-11,M6P,9.00
1222759,12-Sep-11,M6G,4.00
1222762,13-Sep-11,M6R,11.0
1222763,14-Sep-11,M4C,1.00
1222769,14-Sep-11,M4J,3.00
1223041,14-Sep-11,M4X,1.00
1223042,14-Sep-11,M4E,6.00
1223212,14-Sep-11,M4J,1.00
1223239,14-Sep-11,M4J,2.00
1223241,15-Sep-11,M6J,77.0
1223245,15-Sep-11,M4J,0.800
1223247,16-Sep-11,M4M,8.00
1223251,16-Sep-11,M6P,8.00
1223258,21-Sep-11,M4J,4.00
1223263,20-Sep-11,M6S,28.0
1223267,20-Sep-11,M1C,<0.500
1223268,19-Sep-11,M4L,<0.500
1223269,19-Sep-11,M6P,12.0
1225294,21-Sep-11,M8X,0.900
1225299,22-Sep-11,M5T,14.0
1225315,22-Sep-11,M4M,0.600
1225319,23-Sep-11,M4C,<0.500
1225320,26-Sep-11,M4G,16.0
1225321,26-Sep-11,M6S,32.0
1225322,27-Sep-11,M4M,2.00
1225329,27-Sep-11,M4K,0.900
1225342,27-Sep-11,M4J,5.00
1225345,28-Sep-11,M4K,2.00
1225346,28-Sep-11,M4C,0.700
1225353,28-Sep-11,M4L,30.0
1225354,30-Sep-11,M4C,0.900
1228063,20-Sep-11,M4R,<0.500
1228070,07-Sep-11,M6C,<0.500
1228076,16-Sep-11,M6G,19.0
1228077,06-Sep-11,M6C,75.0
1228084,19-Sep-11,M5P,<0.500
1228088,22-Sep-11,M5M,8.00
1228091,22-Sep-11,M5M,<0.500
1228095,24-Sep-11,M1B,<0.500
1228097,26-Sep-11,M6G,0.900
1228098,27-Sep-11,M6G,<0.500
1228101,28-Sep-11,M4T,<0.500
1228105,28-Sep-11,M6J,0.800
1228110,28-Sep-11,M1X,<0.500
1228116,29-Sep-11,M4J,15.0
1228117,29-Sep-11,M1N,31.0
1228118,29-Sep-11,M4C,18.0
1228119,30-Sep-11,M2M,<0.500
1228129,30-Sep-11,M5R,4.00
1228132,30-Sep-11,M6G,<0.500
1228138,02-Oct-11,M4L,10.0
1228143,03-Oct-11,M4C,<0.500
1228145,03-Oct-11,M6G,8.00
1228148,03-Oct-11,M1K,18.0
1228153,03-Oct-11,M4E,<0.500
1228156,04-Oct-11,M4K,7.00
1228168,04-Oct-11,M4K,<0.500
1228170,04-Oct-11,M4J,6.00
1228177,07-Oct-11,M1N,17.0
1230226,21-Sep-11,M5P,0.700
1230227,06-Oct-11,M6S,14.0
1230228,23-Sep-11,M6R,11.0
1230229,05-Oct-11,M6H,8.00
1230230,20-Sep-11,M4B,<0.500
1230231,22-Sep-11,M6R,5.00
1230232,23-Sep-11,M6G,<0.500
1230233,26-Sep-11,M6P,3.00
1230234,26-Sep-11,M6R,9.00
1230235,01-Oct-11,M6S,12.0
1230237,02-Oct-11,M8W,10.0
1230238,04-Oct-11,M6S,<0.500
1230239,07-Oct-11,M4M,3.00
1230240,07-Oct-11,M4G,<0.500
1230241,07-Oct-11,M4L,6.00
1230242,07-Oct-11,M4L,2.00
1230244,06-Oct-11,M8X,10.0
1230247,11-Oct-11,M6P,<0.500
1230252,11-Oct-11,M4J,11.0
1230254,14-Oct-11,M3H,3.00
1230255,10-Oct-11,M4M,8.00
1230256,12-Oct-11,M4J,<0.500
1231086,02-Oct-11,M4N,2.00
1231091,05-Oct-11,M2H,<0.500
1231097,12-Oct-11,M5M,<0.500
1232767,13-Oct-11,M4J,<0.500
1232768,12-Oct-11,M6H,3.00
1232769,13-Oct-11,M4C,0.600
1232770,14-Oct-11,M4J,3.00
1232779,13-Oct-11,M4J,17.0
1232789,19-Oct-11,M4L,5.00
1232790,18-Oct-11,M4P,0.500
1232794,20-Oct-11,M6G,11.0
1233436,20-Oct-11,M4M,<0.500
1233437,13-Oct-11,M6H,0.800
1233458,13-Oct-11,M4L,<0.500
1233470,20-Oct-11,M4M,9.00
1233471,17-Oct-11,M4W,<0.500
1233473,11-Oct-11,M4J,1.00
1235285,25-Oct-11,M4J,3.00
1235294,23-Oct-11,M4K,<0.500
1237953,04-Nov-11,M4E,<0.500
1237980,30-Oct-11,M4K,0.500
1237983,02-Nov-11,M4C,3.00
1237984,01-Nov-11,M4R,7.00
1237985,31-Oct-11,M4L,4.00
1237986,31-Oct-11,M4E,0.800
1237991,31-Oct-11,M4E,<0.500
1238001,31-Oct-11,M4E,7.00
1238005,31-Oct-11,M3A,4.00
1238052,28-Oct-11,M4J,0.800
1238052,28-Oct-11,M4J,0.800
1238135,27-Oct-11,M4L,5.00
1238136,25-Oct-11,M2R,0.700
1238137,22-Oct-11,M5N,10.0
1238960,30-Oct-11,M4J,14.0
1238990,30-Oct-11,M4E,<0.500
1239478,01-Nov-11,M4W,6.00
1239479,01-Nov-11,M4T,3.00
1239482,31-Oct-11,M6G,1.00
1239494,26-Oct-11,M6E,5.00
1239539,26-Oct-11,M6J,2.00
1239546,26-Oct-11,M4M,4.00
1239547,24-Oct-11,M6C,<0.500
1239548,25-Oct-11,M4C,<0.500
1239555,01-Nov-11,M4L,8.00
1239562,02-Nov-11,M6J,18.0
1239563,03-Nov-11,M6C,9.00
1239569,03-Nov-11,M4M,<0.500
1239572,03-Nov-11,M4G,0.600
1239576,06-Nov-11,M5T,6.00
1239580,07-Nov-11,M6S,15.0
1239892,07-Nov-11,M8Z,0.800
1239893,02-Nov-11,M6H,13.0
1239898,03-Nov-11,M9B,0.500
1239900,11-Oct-11,M6S,0.800
1239907,20-Oct-11,M6R,22.0
1239909,08-Nov-11,M6J,10.0
1239910,04-Nov-11,M6P,1.00
1239911,14-Oct-11,M8V,0.600
1239912,20-Oct-11,M6S,3.00
1239918,21-Oct-11,M6P,3.00
1239923,07-Nov-11,M4K,2.00
1239924,16-Oct-11,M8Z,0.800
1239926,03-Nov-11,M1N,<0.500
1239927,18-Oct-11,M6R,22.0
1239928,31-Oct-11,M6P,2.00
1239929,14-Oct-11,M6M,14.0
1239930,13-Oct-11,M8W,<0.500
1239933,14-Oct-11,M6P,4.00
1239935,31-Oct-11,M6P,<0.500
1239937,01-Nov-11,M6H,<0.500
1239938,26-Oct-11,M6P,3.00
1239940,06-Oct-11,M9B,<0.500
1239947,21-Oct-11,M6P,4.00
1239950,13-Oct-11,M6S,<0.500
1239953,24-Oct-11,M6S,0.800
1239959,10-Nov-11,M6P,13.0
1239961,12-Oct-11,M8V,<0.500
1239962,13-Oct-11,M6S,0.800
1239975,03-Nov-11,M4L,8.00
1239977,09-Nov-11,M6S,2.00
1239978,26-Oct-11,M5R,0.600
1239981,27-Oct-11,M6R,2.00
1239982,25-Oct-11,M6P,12.0
1239985,26-Oct-11,M6S,9.00
1239987,04-Nov-11,M4J,<0.500
1239989,24-Oct-11,M6N,11.0
1239995,10-Nov-11,M4C,5.00
1242860,26-Oct-11,M4G,8.00
1242861,31-Oct-11,M1M,<0.500
1242862,18-Oct-11,M1J,<0.500
1242886,03-Nov-11,M4R,3.00
1242952,04-Nov-11,M4P,3.00
1242984,07-Nov-11,M4R,8.00
1242985,08-Nov-11,M4P,<0.500
1243044,16-Nov-11,M4K,5.00
1243047,17-Nov-11,M4E,12.0
1243852,05-Nov-11,M5A,5.00
1243859,07-Nov-11,M5R,5.00
1243878,08-Nov-11,M6G,5.00
1243879,14-Nov-11,M4C,3.00
1243880,16-Nov-11,M6J,9.00
1243883,16-Nov-11,M4R,1.00
1244020,10-Nov-11,M4E,<0.500
1244531,08-Nov-11,M6P,5.00
1244532,09-Nov-11,M6H,5.00
1244557,15-Nov-11,M6P,<0.500
1244571,16-Nov-11,M8Z,10.0
1244592,17-Nov-11,M6S,0.500
1244598,17-Nov-11,M6S,6.00
1244599,24-Nov-11,M6P,14.0
1244609,22-Nov-11,M9P,0.500
1244621,22-Nov-11,M6P,11.0
1245531,16-Nov-11,M4C,1.00
1245537,17-Nov-11,M5M,<0.500
1245544,18-Nov-11,M4C,4.00
1245545,18-Nov-11,M5T,10.0
1245546,18-Nov-11,M4E,3.00
1245547,22-Nov-11,M4K,4.00
1245548,21-Nov-11,M6G,7.00
1245551,22-Nov-11,M5A,9.00
1245554,23-Nov-11,M6C,<0.500
1245566,25-Nov-11,M4L,1.00
1245568,21-Nov-11,M5R,<0.500
1246588,24-Nov-11,M4G,0.600
1246589,18-Nov-11,M5M,0.800
1246590,25-Nov-11,M5M,<0.500
1246591,24-Nov-11,M4R,2330
1246598,15-Nov-11,M2R,4.00
1248743,29-Nov-11,M4G,0.600
1248744,25-Nov-11,M4K,5.00
1248746,28-Nov-11,M4K,6.00
1248747,25-Nov-11,M6S,<0.500
1248748,25-Nov-11,M4K,2590
1248768,25-Nov-11,M4L,<0.500
1248823,28-Nov-11,M4C,0.900
1248827,25-Nov-11,M4C,3.00
1248830,30-Nov-11,M4L,<0.500
1248833,24-Nov-11,M4J,<0.500
1249192,26-Nov-11,M4J,41.0
1249193,03-Dec-11,M4K,17.0
1251394,01-Dec-11,M4J,17.0
1251395,30-Nov-11,M4J,5.00
1251397,28-Nov-11,M6P,10.0
1251398,28-Nov-11,M6G,4.00
1251399,28-Nov-11,M6P,8.00
1251400,09-Nov-11,M6G,8.00
1251464,29-Oct-11,M6H,6.00
1251475,01-Dec-11,M6P,3.00
1251492,02-Dec-11,M4C,3.00
1251503,05-Dec-11,M4B,<0.500
1251517,05-Dec-11,M6J,4.00
1251533,06-Dec-11,M6P,4.00
1251535,06-Dec-11,M4B,<0.500
1251536,06-Dec-11,M4J,1.00
1251544,07-Dec-11,M6G,21.0
1251547,08-Dec-11,M4E,<0.500
1251553,09-Dec-11,M4E,<0.500
1253824,14-Dec-11,M4J,8.00
1253825,14-Dec-11,M4C,2.00
1254960,13-Dec-11,M6P,5.00
1254972,19-Dec-11,M5R,2.00
1254984,15-Dec-11,M6J,0.800
1254989,15-Dec-11,M6P,5.00
1254990,13-Dec-11,M6S,13.0
1254991,15-Dec-11,M6K,3.00
1254992,16-Dec-11,M6S,5.00
1255028,15-Dec-11,M9B,3.00
1255031,09-Dec-11,M6J,10.0
1255032,20-Dec-11,M6P,2410
1255033,14-Dec-11,M6J,10.0
1255034,13-Dec-11,M6H,38.0
1255035,12-Dec-11,M6C,<0.500
1255036,20-Dec-11,M8Z,1.00
1255840,16-Dec-11,M4J,1.00
1255842,22-Dec-11,M4M,4.00
1255853,14-Dec-11,M3C,<0.500
1255854,15-Dec-11,M4L,3.00
1255855,23-Dec-11,M4J,13.0
1255885,15-Dec-11,M4C,1.00
1255897,21-Dec-11,M4J,9.00
1255898,09-Dec-11,M1N,<0.500
1255899,21-Dec-11,M5T,1.00
1255900,21-Dec-11,M1M,8.00
1255901,15-Dec-11,M6J,7.00
1260186,21-Dec-11,M6J,8.00
1260187,21-Dec-11,M6G,0.700
1260188,13-Dec-11,M4W,<0.500
1260189,08-Dec-11,M5M,7.00
1260190,15-Dec-11,M4K,3.00
1260191,08-Dec-11,M6E,17.0
1260192,05-Dec-11,M6G,0.700
1260197,30-Dec-11,M4L,0.800
1260199,13-Dec-11,M6S,8.00
1260200,29-Dec-11,M5R,<0.500
1260201,03-Jan-12,M4R,1.00
1260202,07-Dec-11,M4L,5.00
1260203,08-Dec-11,M4C,18.0
1262344,16-Dec-11,M2R,0.900
1262345,11-Jan-12,M6P,<0.500
1262352,29-Nov-11,M4R,5.00
1262353,29-Nov-11,M3H,65.0
1262358,05-Dec-11,M9N,<0.500
1262362,08-Dec-11,M4N,9.00
1262365,20-Dec-11,M2K,0.600
1262367,23-Dec-11,M6N,3.00
1262372,23-Dec-11,M8W,1.00
1262375,23-Dec-11,M2R,0.800
1262377,30-Dec-11,M4J,17.0
1262383,28-Dec-11,M6R,6.00
1262386,30-Dec-11,M6P,4.00
1262388,28-Dec-11,M4J,<0.500
1262392,29-Dec-11,M5M,<0.500
1262395,29-Dec-11,M5M,<0.500
1262396,29-Dec-11,M8Y,0.600
1262849,03-Jan-12,M4C,2.00
1262850,03-Jan-12,M6S,5.00
1262851,03-Jan-12,M4M,7.00
1262852,04-Jan-12,M4M,1.00
1262853,04-Jan-12,M6N,14.0
1262854,05-Jan-12,M4G,<0.500
1262909,06-Jan-12,M6K,<0.500
1262911,06-Jan-12,M4E,<0.500
1262914,06-Jan-12,M4J,5.00
1262915,05-Jan-12,M6B,2.00
1262916,05-Jan-12,M6N,2.00
1262917,05-Jan-12,M6P,13.0
1262918,06-Jan-12,M4L,8.00
1262919,06-Jan-12,M4L,5.00
1262920,06-Jan-12,M4M,3.00
1262921,08-Jan-12,M4L,7.00
1262928,09-Jan-12,M9C,0.800
1262929,12-Jan-12,M4J,<0.500
1262930,09-Jan-12,M5M,10.0
1262936,09-Jan-12,M4E,5.00
1263179,16-Jan-12,M4N,4.00
1263180,10-Jan-12,M4K,5.00
1263181,08-Jan-12,M4E,5.00
1263182,09-Jan-12,M4T,9.00
1264777,16-Jan-12,M4C,7.00
1264781,18-Jan-12,M4E,<0.500
1264785,19-Jan-12,M1E,0.600
1264798,18-Jan-12,M4J,36.0
1264801,16-Jan-12,M4K,10.0
1264804,16-Jan-12,M4C,<0.500
1264808,11-Jan-12,M4C,<0.500
1266224,16-Jan-12,M4E,<0.500
1266238,22-Jan-12,M4N,0.500
1266240,20-Jan-12,M5M,4.00
1266241,10-Jan-12,M4R,2.00
1266245,23-Jan-12,M5P,4.00
1266260,12-Jan-12,M8Y,2.00
1266275,10-Jan-12,M8Y,<0.500
1266280,18-Jan-12,M6P,<0.500
1266287,20-Jan-12,M6H,10.0
1266326,18-Jan-12,M4E,<0.500
1266329,18-Jan-12,M4E,<0.500
1266330,12-Jan-12,M6S,4.00
1266331,22-Jan-12,M6S,3.00
1266486,24-Jan-12,M4L,<0.500
1266520,17-Jan-12,M4E,3.00
1266529,20-Jan-12,M4S,5.00
1268375,27-Dec-11,M5P,<0.500
1268376,29-Dec-11,M1E,<0.500
1269961,16-Jan-12,M6B,0.900
1269964,25-Jan-12,M6E,5.00
1269968,17-Jan-12,M6K,8.00
1269974,25-Jan-12,M6R,0.600
1269977,13-Jan-12,M6C,1.00
1269978,24-Jan-12,M4E,6.00
1269979,30-Jan-12,M4C,5.00
1269989,26-Jan-12,M6G,0.800
1269990,29-Jan-12,M6K,6.00
1269999,01-Feb-12,M4J,4.00
1270000,30-Jan-12,M6H,12.0
1270001,24-Jan-12,M4E,1.00
1271789,25-Jan-12,M6J,7.00
1271790,07-Feb-12,M6R,1.00
1271791,24-Jan-12,M6S,0.700
1271793,07-Feb-12,M6G,<0.500
1271794,26-Jan-12,M9B,<0.500
1271795,27-Jan-12,M6R,0.700
1271796,26-Jan-12,M6P,3.00
1271797,26-Jan-12,M6H,3.00
1271817,27-Jan-12,M6P,1.00
1271818,03-Feb-12,M6K,10.0
1271819,06-Feb-12,M6N,4.00
1271846,27-Jan-12,M5M,0.700
1271848,26-Jan-12,M5M,7.00
1271849,27-Jan-12,M4N,8.00
1271850,03-Feb-12,M3H,2.00
1271851,07-Feb-12,M6R,1.00
1271852,03-Feb-12,M6P,2.00
1272664,06-Feb-12,M4J,12.0
1272665,03-Feb-12,M4E,6.00
1272670,02-Feb-12,M4E,6.00
1272671,07-Feb-12,M4J,0.600
1272672,07-Jan-12,M4C,0.800
1272681,07-Feb-12,M4C,5.00
1272683,03-Feb-12,M4C,2.00
1272694,06-Feb-12,M4C,4.00
1275163,10-Feb-12,M4L,5.00
1275164,13-Feb-12,M4J,2.00
1275165,09-Feb-12,M4L,4.00
1275166,13-Feb-12,M4K,1.00
1275167,10-Feb-12,M4M,1.00
1275174,07-Feb-12,M4C,3.00
1275175,14-Feb-12,M4J,<0.500
1275176,14-Feb-12,M4K,<0.500
1276351,08-Feb-12,M8Y,2.00
1276353,15-Feb-12,M5S,5.00
1276355,02-Feb-12,M4K,6.00
1276356,05-Feb-12,M6E,4.00
1276357,13-Feb-12,M6C,74.0
1276358,10-Feb-12,M6S,4.00
1276359,06-Feb-12,M4V,<0.500
1276360,20-Feb-12,M5M,8.00
1276361,10-Feb-12,M4N,0.500
1276362,13-Feb-12,M4G,<0.500
1276363,16-Feb-12,M6G,1.00
1276364,20-Feb-12,M6J,6.00
1276365,15-Feb-12,M6B,0.800
1276366,13-Feb-12,M8V,<0.500
1276431,13-Feb-12,M8Z,<0.500
1276434,13-Feb-12,M8V,<0.500
1276437,22-Feb-12,M6J,6.00
1276448,10-Feb-12,M6J,4.00
1276462,14-Feb-12,M6J,5.00
1276464,08-Feb-12,M6G,2.00
1276466,09-Feb-12,M6E,<0.500
1276467,16-Feb-12,M6R,3.00
1276468,08-Feb-12,M6P,8.00
1276475,21-Feb-12,M8Y,<0.500
1276476,12-Feb-12,M6J,1060
1277432,16-Feb-12,M4L,5.00
1277433,21-Feb-12,M4L,2.00
1277452,17-Feb-12,M4J,7.00
1277452,17-Feb-12,M4J,7.00
1277453,17-Feb-12,M4K,5.00
1277453,17-Feb-12,M4K,5.00
1280085,24-Feb-12,M4L,5.00
1280086,24-Feb-12,M5R,<0.500
1280088,29-Feb-12,M4J,2.00
1280124,28-Feb-12,M4J,4.00
1280153,28-Feb-12,M5A,<0.500
1281273,23-Feb-12,M3B,<0.500
1281274,21-Feb-12,M5M,<0.500
1281281,21-Feb-12,M5N,<0.500
1281282,21-Feb-12,M4R,4.00
1281294,03-Feb-12,M1N,7.00
1281295,15-Feb-12,M3A,<0.500
1281723,20-Feb-12,M6E,3.00
1281724,29-Feb-12,M6G,<0.500
1281820,01-Mar-12,M6S,2.00
1281822,29-Feb-12,M6G,1.00
1281825,02-Mar-12,M8Y,8.00
1281826,01-Mar-12,M8Y,<0.500
1281827,28-Feb-12,M6J,<0.500
1281828,25-Feb-12,M6R,1.00
1281831,08-Mar-12,M6C,2.00
1283020,07-Mar-12,M4J,7.00
1283031,05-Mar-12,M4C,<0.500
1283790,13-Mar-12,M6S,4.00
1284841,08-Mar-12,M5A,<0.500
1284844,06-Mar-12,M4K,<0.500
1284847,08-Mar-12,M4V,0.900
1284865,03-Mar-12,M4C,4.00
1284870,04-Mar-12,M4V,1.00
1284871,13-Mar-12,M4K,9.00
1284872,13-Mar-12,M5N,6.00
1284873,02-Mar-12,M6N,1.00
1284876,08-Mar-12,M4N,<0.500
1285829,05-Mar-12,M4S,<0.500
1285830,11-Mar-12,M6G,5.00
1285831,12-Mar-12,M4N,7.00
1285832,12-Mar-12,M5M,19.0
1285838,07-Mar-12,M5P,3.00
1285845,13-Mar-12,M5M,3.00
1286461,12-Mar-12,M6H,5.00
1286462,08-Mar-12,M8V,7.00
1286464,15-Mar-12,M6E,7.00
1286465,20-Mar-12,M8V,5.00
1286467,20-Mar-12,M9A,<0.500
1286468,19-Mar-12,M6K,3.00
1286469,13-Mar-12,M4R,1.00
1286470,19-Mar-12,M6K,<0.500
1286471,16-Mar-12,M6S,0.600
1286472,08-Mar-12,M6R,3.00
1286473,08-Mar-12,M6P,4.00
1286474,13-Mar-12,M6P,4.00
1286522,01-Mar-12,M6R,0.900
1286821,19-Mar-12,M4L,21.0
1286822,12-Mar-12,M4T,1.00
1286823,22-Mar-12,M4J,4.00
1286824,09-Mar-12,M4C,<0.500
1286825,12-Mar-12,M4E,2.00
1286826,13-Mar-12,M4J,1.00
1286830,19-Mar-12,M1C,<0.500
1286833,12-Mar-12,M4J,1.00
1286834,12-Mar-12,M4J,0.600
1287717,19-Mar-12,M5P,<0.500
1287724,20-Mar-12,M5P,3.00
1287725,18-Mar-12,M4R,2.00
1287726,19-Mar-12,M5B,1.00
1287727,22-Mar-12,M6C,8.00
1290016,22-Mar-12,M4J,4.00
1290029,26-Mar-12,M4C,<0.500
1290030,28-Mar-12,M4K,<0.500
1291363,22-Mar-12,M5M,<0.500
1291364,21-Mar-12,M5M,16.0
1291365,28-Mar-12,M4N,19400
1291366,23-Mar-12,M5M,4.00
1291367,02-Apr-12,M5N,3280
1291545,29-Mar-12,M6P,5.00
1291546,21-Mar-12,M6S,1.00
1291549,22-Mar-12,M6N,7.00
1291550,27-Mar-12,M6P,1.00
1291551,27-Mar-12,M6H,7030
1291552,28-Mar-12,M6K,11.0
1291555,29-Mar-12,M6P,3.00
1291564,30-Mar-12,M9A,1.00
1291565,02-Apr-12,M6P,5.00
1291575,03-Apr-12,M6K,0.900
1291586,03-Apr-12,M6R,4.00
1291730,30-Mar-12,M4K,2.00
1291731,04-Apr-12,M4G,0.900
1291732,03-Apr-12,M4C,4.00
1293176,03-Apr-12,M6H,<0.500
1293181,26-Mar-12,M6C,6.00
1293184,03-Apr-12,M6G,<0.500
1293185,18-Mar-12,M4W,1.00
1293187,04-Apr-12,M4V,<0.500
1293191,28-Mar-12,M6K,<0.500
1293193,04-Apr-12,M6C,2.00
1293199,28-Mar-12,M4M,2.00
1294791,11-Apr-12,M4L,4.00
1294792,04-Mar-12,M4L,17.0
1294793,13-Apr-12,M4C,3.00
1294794,11-Apr-12,M4L,8.00
1294797,10-Apr-12,M1K,<0.500
1294802,11-Apr-12,M4M,2.00
1295395,10-Apr-12,M4N,6.00
1295396,15-Apr-12,M3H,<0.500
1295397,10-Apr-12,M4K,<0.500
1295398,10-Apr-12,M6J,10.0
1295399,11-Apr-12,M4E,2.00
1295937,15-Apr-12,M6S,4.00
1295941,08-Apr-12,M6H,17.0
1295945,10-Apr-12,M6M,<0.500
1295966,03-Apr-12,M6K,6.00
1295971,16-Apr-12,M6N,7.00
1295972,12-Apr-12,M6H,<0.500
1295974,05-Apr-12,M6R,7.00
1295975,18-Apr-12,M8X,10.0
1296798,13-Apr-12,M4C,<0.500
1296799,13-Apr-12,M6N,8.00
1296800,15-Apr-12,M4C,5.00
1296801,16-Apr-12,M4C,3.00
1296802,17-Apr-12,M4C,<0.500
1297845,18-Apr-12,M4S,<0.500
1297846,16-Apr-12,M4E,3.00
1297847,18-Apr-12,M4M,5.00
1297848,20-Apr-12,M6J,17.0
1298510,02-Apr-12,M1P,<0.500
1298511,27-Mar-12,M1R,<0.500
1298512,10-Apr-12,M1E,<0.500
1298513,05-Apr-12,M1E,4.00
1298773,24-Apr-12,M4C,3.00
1298777,18-Apr-12,M4J,5.00
1298781,20-Apr-12,M4B,8.00
1298782,26-Apr-12,M4J,11.0
1298784,24-Apr-12,M4C,<0.500
1298785,20-Apr-12,M4J,<0.500
1298788,23-Apr-12,M4C,5.00
1300841,22-Apr-12,M5M,36.0
1300842,25-Apr-12,M3H,1.00
1301380,30-Apr-12,M9C,<0.500
1301383,23-Apr-12,M4L,2150
1301391,24-Apr-12,M8X,<0.500
1301408,25-Apr-12,M8V,0.700
1301409,25-Apr-12,M6N,9.00
1301410,30-Apr-12,M4C,8.00
1301425,17-Apr-12,M6E,62.0
1301426,27-Apr-12,M9A,1.00
1301428,25-Apr-12,M8W,5.00
1301430,29-Apr-12,M9V,0.600
1301433,18-Apr-12,M8Z,<0.500
1301434,26-Apr-12,M6G,0.700
1301435,30-Apr-12,M6P,0.800
1302229,27-Apr-12,M4J,<0.500
1302232,26-Apr-12,M5N,5.00
1302236,30-Apr-12,M6G,22.0
1302238,30-Apr-12,M4C,<0.500
1302245,01-May-12,M4E,5.00
1302250,02-May-12,M4L,1.00
1302251,26-Apr-12,M4C,4.00
1302257,27-Apr-12,M5S,<0.500
1303467,27-Apr-12,M4C,11.0
1303476,03-May-12,M5M,3.00
1303477,04-May-12,M4M,4.00
1303510,25-Apr-12,M6G,9.00
1303512,30-Apr-12,M4J,<0.500
1303513,17-Apr-12,M4N,<0.500
1303527,30-Apr-12,M6C,3.00
1303536,21-Apr-12,M6J,9.00
1303553,04-May-12,M4N,<0.500
1303558,22-Apr-12,M4C,11.0
1303562,25-Apr-12,M4M,6.00
1303563,01-May-12,M4K,4.00
1303564,07-May-12,M6H,0.800
1306609,15-May-12,M6P,4.00
1306622,11-May-12,M6R,<0.500
1306629,10-May-12,M6H,2.00
1306630,08-May-12,M6S,2.00
1306631,09-May-12,M8W,<0.500
1306632,03-May-12,M8X,5.00
1306633,04-May-12,M6R,0.600
1307626,08-May-12,M4K,3.00
1307627,07-May-12,M4J,0.800
1307628,10-May-12,M4E,1.00
1307633,03-May-12,M1M,<0.500
1307635,11-May-12,M4C,2.00
1307637,10-May-12,M4J,<0.500
1307638,08-May-12,M4L,<0.500
1307639,08-May-12,M4J,<0.500
1307640,08-May-12,M4L,4.00
1307641,16-May-12,M4X,<0.500
1307642,11-May-12,M4G,<0.500
1307643,15-May-12,M4C,3.00
1307645,10-May-12,M4J,<0.500
1307648,10-May-12,M4J,2.00
1307656,12-May-12,M4J,<0.500
1310088,17-May-12,M6S,5.00
1310089,23-May-12,M4J,6.00
1310090,23-May-12,M9B,<0.500
1310091,22-May-12,M4J,4.00
1310092,20-May-12,M4L,<0.500
1310093,11-May-12,M6S,<0.500
1310094,10-May-12,M6S,20.0
1310095,15-May-12,M6E,3.00
1310096,17-May-12,M6G,4.00
1310097,23-May-12,M4M,2.00
1310106,22-May-12,M5M,12.0
1310108,04-May-12,M4V,<0.500
1310127,11-May-12,M6S,<0.500
1310128,14-May-12,M5M,3.00
1310129,08-May-12,M4M,1.00
1310130,24-May-12,M1K,<0.500
1310872,04-May-12,M5P,7.00
1310873,08-May-12,M4N,<0.500
1310874,07-May-12,M5A,11.0
1310875,03-May-12,M2M,4.00
1310876,03-May-12,M4A,<0.500
1310909,22-May-12,M4V,4.00
1310910,17-May-12,M3K,<0.500
1310911,16-May-12,M4M,4.00
1310912,16-May-12,M5M,8.00
1310913,11-May-12,M5M,22.0
1310917,10-May-12,M4P,9.00
1310918,28-May-12,M5M,5.00
1311404,09-May-12,M5M,75.0
1311406,04-May-12,M1N,<0.500
1311526,29-May-12,M5T,1.00
1311532,29-May-12,M4E,3.00
1311540,15-May-12,M4G,4.00
1311560,28-May-12,M4M,3.00
1311561,24-May-12,M5N,0.500
1311572,14-May-12,M4C,7.00
1311578,29-May-12,M4M,<0.500
1311580,28-May-12,M4J,1.00
1311581,22-May-12,M4L,7.00
1314662,17-May-12,M6P,9.00
1314663,25-May-12,M6R,3.00
1314664,25-May-12,M6E,7.00
1314665,22-May-12,M6N,3.00
1314666,03-Jun-12,M5P,<0.500
1314667,28-May-12,M6S,72.0
1314668,31-May-12,M6S,12.0
1314669,29-May-12,M6K,<0.500
1314670,29-May-12,M6J,6.00
1314671,03-Jun-12,M6C,<0.500
1314672,18-May-12,M6R,11.0
1314675,31-May-12,M9B,<0.500
1314677,23-May-12,M8W,0.800
1314678,28-May-12,M6S,17.0
1317536,07-Jun-12,M6R,23.0
1317540,10-Jun-12,M3J,<0.500
1317554,12-Jun-12,M6J,11.0
1317586,29-May-12,M4M,2.00
1317588,11-Jun-12,M4L,7.00
1317625,25-May-12,M5R,4.00
1317626,08-Jun-12,M5S,7.00
1317627,25-May-12,M5R,<0.500
1317628,05-Jun-12,M6G,<0.500
1317629,28-May-12,M6S,<0.500
1317630,11-Jun-12,M5M,5.00
1317632,06-Jun-12,M5S,1.00
1318361,30-May-12,M3H,2.00
1318380,06-Jun-12,M2K,<0.500
1318383,13-Jun-12,M5G,4.00
1318384,08-Jun-12,M4K,6.00
1318385,07-Jun-12,M4S,<0.500
1318386,11-Jun-12,M6S,<0.500
1318387,11-Jun-12,M4N,22.0
1318388,06-Jun-12,M4L,13.0
1318389,05-Jun-12,M4J,4.00
1318396,11-Jun-12,M5P,<0.500
1318432,04-Jun-12,M5B,2.00
1318486,01-Jun-12,M4E,3.00
1318554,11-Jun-12,M4J,<0.500
1318555,31-May-12,M4E,1.00
1318556,07-Jun-12,M4C,<0.500
1318572,12-Jun-12,M4C,9.00
1318577,08-Jun-12,M4L,7.00
1318579,07-Jun-12,M4K,7.00
1318580,12-Jun-12,M4G,5.00
1318957,08-Jun-12,M5S,1.00
1321933,18-Jun-12,M4J,2.00
1321934,15-Jun-12,M4E,5.00
1321955,19-Jun-12,M4K,0.800
1321966,20-Jun-12,M4L,1.00
1322864,21-Jun-12,M4P,<0.500
1322865,17-Jun-12,M4N,<0.500
1322866,22-Jun-12,M4R,<0.500
1322867,19-Jun-12,M5M,3.00
1325444,03-Jul-12,M5P,2.00
1325516,03-Jul-12,M4K,3.00
1325525,23-Jun-12,M6P,8.00
1325526,23-Jun-12,M4T,9.00
1325528,24-Jun-12,M4G,0.700
1325537,22-Jun-12,M4C,<0.500
1325562,22-Jun-12,M4E,5.00
1325563,26-Jun-12,M4L,3.00
1325564,27-Jun-12,M4J,9.00
1325565,27-Jun-12,M8X,<0.500
1325566,26-Jun-12,M4M,<0.500
1325567,26-Jun-12,M4E,7.00
1325568,20-Jun-12,M6P,24.0
1325569,19-Jun-12,M4T,11.0
1325581,18-Jun-12,M4L,2.00
1325586,21-Jun-12,M5A,0.600
1325587,03-Jul-12,M5N,<0.500
1325588,20-Jun-12,M4M,<0.500
1325591,19-Jun-12,M6B,<0.500
1325595,13-Jun-12,M4E,4.00
1325619,21-Jun-12,M5P,<0.500
1325622,18-Jun-12,M4V,3.00
1325625,18-Jun-12,M4V,3.00
1326450,29-Jun-12,M6H,2840
1327216,05-Jul-12,M4M,4.00
1327231,03-Jul-12,M4E,5.00
1327232,02-Jul-12,M4L,9.00
1327233,03-Jul-12,M4J,5.00
1327234,04-Jul-12,M4M,<0.500
1327235,04-Jul-12,M4J,1.00
1327236,04-Jul-12,M4A,<0.500
1327237,03-Jul-12,M4J,<0.500
1327237,03-Jul-12,M4J,<0.500
1327241,04-Jul-12,M4E,9.00
1329033,18-Jun-12,M9A,<0.500
1329036,12-Jun-12,M6S,3.00
1329037,15-Jun-12,M6G,10.0
1329038,13-Jun-12,M4K,<0.500
1329039,25-Jun-12,M8Y,<0.500
1329040,10-Jul-12,M6S,<0.500
1329047,11-Jun-12,M9A,<0.500
1329060,06-Jul-12,M8V,<0.500
1329063,28-Jun-12,M9N,<0.500
1329064,11-Jun-12,M6S,10.0
1329066,14-Jun-12,M9A,12.0
1329069,14-Jun-12,M6H,1.00
1329070,25-Jun-12,M6S,4.00
1329071,13-Jun-12,M6E,24.0
1329144,03-Jul-12,M5S,13.0
1329145,09-Jun-12,M6R,13.0
1329146,11-Jun-12,M9A,8.00
1329148,18-Jun-12,M6K,7.00
1329149,05-Jul-12,M6P,<0.500
1329156,05-Jul-12,M6P,<0.500
1329160,25-Jun-12,M6G,12.0
1329162,15-Jun-12,M6G,<0.500
1329163,03-Jul-12,M6S,8.00
1329164,05-Jul-12,M6P,<0.500
1329165,27-Jun-12,M6P,<0.500
1329166,05-Jul-12,M6R,3.00
1329168,05-Jul-12,M6G,<0.500
1329174,10-Jul-12,M6P,3.00
1329182,11-Jun-12,M6K,7.00
1329903,06-Jul-12,M4K,7350
1329906,08-Jul-12,M4J,3.00
1329907,04-Jul-12,M4K,10.0
1329908,02-Jul-12,M4K,5.00
1329910,03-Jul-12,M4K,0.600
1329912,03-Jul-12,M4K,2.00
1329914,03-Jul-12,M4M,<0.500
1329917,03-Jul-12,M4M,6.00
1330845,03-Jul-12,M6P,<0.500
1330846,09-Jul-12,M4L,7.00
1330852,05-Jul-12,M4R,10.0
1331075,09-Jul-12,M6N,9.00
1331076,01-Jul-12,M4K,<0.500
1331077,13-Jul-12,M4S,<0.500
1331094,25-Jun-12,M4S,5.00
1331108,21-Jun-12,M4S,2.00
1331109,09-Jul-12,M5M,6.00
1331118,09-Jul-12,M4G,0.900
1331120,03-Jul-12,M4V,4.00
1331128,29-Jun-12,M6H,8.00
1331171,16-Jul-12,M4V,19.0
1331178,27-Jun-12,M4N,89.0
1331180,03-Jun-12,M6S,<0.500
1331182,09-Jul-12,M5M,22.0
1331183,09-Jun-12,M5M,30.0
1331188,03-Jul-12,M3H,14200
1331195,11-Jul-12,M5M,1.00
1332807,18-Jul-12,M4C,3.00
1332808,17-Jul-12,M4J,12.0
1334459,06-Jul-12,M5N,9.00
1334462,11-Jul-12,M6P,42.0
1334469,17-Jul-12,M6C,5.00
1334474,10-Jul-12,M6H,0.600
1334475,12-Jul-12,M6P,4.00
1334476,20-Jul-12,M6R,<0.500
1334478,20-Jul-12,M6S,<0.500
1334512,20-Jul-12,M6G,3.00
1334513,16-Jul-12,M6R,2.00
1334514,18-Jul-12,M6E,6.00
1334745,11-Jul-12,M6M,4.00
1334746,23-Jul-12,M9B,<0.500
1334791,04-Jul-12,M6H,7.00
1334889,24-Jul-12,M8V,7.00
1334974,12-Jul-12,M8V,0.500
1335339,25-Jul-12,M4M,20.0
1335340,23-Jul-12,M4C,<0.500
1335348,23-Jul-12,M4L,<0.500
1335360,23-Jul-12,M4L,4.00
1335394,24-Jul-12,M4J,4.00
1335396,24-Jul-12,M4L,5.00
1337047,23-Jul-12,M4K,18.0
1337173,30-Jul-12,M5M,5.00
1338389,21-Jul-12,M4N,<0.500
1338392,30-Jul-12,M5M,3.00
1338841,27-Jul-12,M4J,1.00
1338842,25-Jul-12,M4E,7.00
1338843,26-Jul-12,M4J,<0.500
1338865,26-Jun-12,M4C,4.00
1338872,30-Jul-12,M4J,4.00
1338873,30-Jul-12,M4C,<0.500
1338874,31-Jul-12,M4E,0.700
1338989,31-Jul-12,M4L,<0.500
1339003,25-Jul-12,M4J,0.600
1339008,27-Jul-12,M4E,17.0
1339009,31-Jul-12,M4C,<0.500
1339747,02-Aug-12,M6J,4.00
1339750,07-Aug-12,M8W,4.00
1339763,02-Aug-12,M6S,15.0
1339769,07-Aug-12,M8Z,0.900
1340455,06-Aug-12,M4K,3.00
1340456,07-Aug-12,M3C,0.700
1340457,07-Aug-12,M4L,38.0
1340458,03-Aug-12,M4K,9.00
1340459,21-Jul-12,M4M,9.00
1340988,30-Jul-12,M4E,13.0
1341830,09-Aug-12,M5M,0.800
1341833,10-Aug-12,M4R,11.0
1341841,31-Jul-12,M4N,6.00
1341843,13-Aug-12,M5M,22.0
1342056,25-Jul-12,M6K,16.0
1342057,31-Jul-12,M5A,2.00
1342058,26-Jul-12,M1K,<0.500
1342059,22-Jul-12,M6S,1.00
1342066,24-Jul-12,M6H,0.500
1342071,23-Jul-12,M6C,2.00
1342072,22-Jul-12,M5R,6.00
1342073,25-Jul-12,M6P,2.00
1342079,27-Jul-12,M6M,2.00
1342080,29-Jul-12,M3H,5.00
1342081,27-Jul-12,M1J,<0.500
1342126,19-Jul-12,M4S,5.00
1342127,09-Jul-12,M4L,6.00
1342128,15-Jul-12,M4E,5.00
1342129,15-Jul-12,M4E,8.00
1342136,17-Jul-12,M4M,1.00
1342155,18-Jul-12,M6G,7.00
1342159,08-Aug-12,M8Y,3.00
1342162,09-Aug-12,M8Y,38.0
1342166,09-Aug-12,M8V,0.800
1342187,01-Aug-12,M3A,18.0
1342226,17-Aug-12,M5V,<0.500
1342227,12-Aug-12,M4V,19.0
1342228,06-Aug-12,M6J,1.00
1342230,13-Aug-12,M8V,2.00
1342233,31-Jul-12,M6P,2.00
1342235,31-Jul-12,M6R,3.00
1342236,08-Aug-12,M9C,0.800
1342237,07-Aug-12,M6P,8.00
1342260,02-Aug-12,M6P,0.900
1342354,09-Aug-12,M6G,<0.500
1342363,07-Aug-12,M8W,0.500
1342364,02-Aug-12,M6H,2.00
1342366,01-Aug-12,,3.00
1342367,01-Aug-12,M4L,1.00
1342369,08-Aug-12,M6N,3.00
1342370,01-Aug-12,M6H,3.00
1342371,01-Aug-12,M6M,3.00
1342372,01-Aug-12,M5J,<0.500
1342374,01-Aug-12,M4M,<0.500
1342376,02-Aug-12,M4M,4.00
1342377,08-Aug-12,M6R,8.00
1342378,02-Aug-12,M4M,6.00
1342379,01-Aug-12,M6H,7.00
1342380,12-Aug-12,M4P,17.0
1343044,15-Aug-12,M4M,2.00
1343045,15-Aug-12,M4K,7.00
1343046,11-Aug-12,M4G,20.0
1343047,13-Aug-12,M4L,9.00
1343053,14-Aug-12,M4J,0.900
1343056,08-Aug-12,M4K,2020
1345786,20-Aug-12,M4L,6.00
1345787,20-Aug-12,M4B,<0.500
1345788,20-Aug-12,M1K,<0.500
1345789,21-Aug-12,M4E,6.00
1345790,16-Aug-12,M4L,4400
1345792,21-Aug-12,M4M,3.00
1345796,20-Aug-12,M4L,11.0
1345797,22-Aug-12,M4E,7.00
1345798,22-Aug-12,M4E,0.800
1345804,21-Aug-12,M4L,4.00
1345805,22-Aug-12,M4L,10.0
1345894,22-Aug-12,M4J,1.00
1345895,22-Aug-12,M4C,22.0
1347052,13-Aug-12,M2N,2.00
1347054,20-Aug-12,M4R,0.500
1347059,27-Aug-12,M6C,<0.500
1347060,14-Aug-12,M5N,0.900
1347061,23-Aug-12,M4R,12.0
1347064,19-Aug-12,M4J,15.0
1347066,23-Aug-12,M5M,<0.500
1347278,03-Aug-12,M6E,7.00
1347279,09-Aug-12,M1M,0.900
1347291,20-Aug-12,M1M,<0.500
1348595,24-Aug-12,M1N,17.0
1348596,27-Aug-12,M4K,12.0
1348607,27-Aug-12,M5M,31.0
1348608,28-Aug-12,M4L,<0.500
1348609,30-Aug-12,M4C,11.0
1348610,27-Aug-12,M4J,1.00
1348611,28-Aug-12,M4J,21.0
1348621,29-Aug-12,M4C,4.00
1348623,23-Aug-12,M4J,11.0
1348628,28-Aug-12,M4G,<0.500
1350320,16-Aug-12,M6G,6.00
1350321,29-Aug-12,M8Z,<0.500
1350322,24-Aug-12,M6P,12900
1350323,27-Aug-12,M6S,15.0
1350329,28-Aug-12,M6G,5.00
1350333,29-Aug-12,M6S,4.00
1350335,22-Aug-12,M5N,1.00
1350338,21-Aug-12,M8V,1.00
1350341,17-Aug-12,M6H,6.00
1350350,15-Aug-12,M6H,4.00
1350351,29-Aug-12,M6B,3.00
1350352,23-Aug-12,M4K,1.00
1350353,23-Aug-12,M1N,0.800
1350354,29-Aug-12,M4E,8.00
1350355,15-Aug-12,M6C,0.700
1350356,21-Aug-12,M1N,9.00
1350361,20-Aug-12,M6S,8.00
1350435,20-Aug-12,M4G,10.0
1350445,22-Aug-12,M4N,<0.500
1350446,24-Aug-12,M1N,<0.500
1350447,06-Sep-12,M4J,2.00
1350454,03-Sep-12,M4C,<0.500
1350463,04-Sep-12,M4G,<0.500
1350470,28-Aug-12,M4J,2.00
1350476,27-Aug-12,M5A,1.00
1350478,28-Aug-12,M6G,27.0
1350483,04-Sep-12,M4C,3.00
1350488,03-Sep-12,M4K,7.00
1350491,30-Aug-12,M4L,4.00
1350494,30-Aug-12,M4C,9.00
1350497,04-Sep-12,M4T,11.0
1350501,05-Sep-12,M4J,3.00
1355542,17-Sep-12,M4K,9.00
1355543,12-Sep-12,M4C,<0.500
1355548,17-Sep-12,M5P,<0.500
1355552,05-Sep-12,M5R,13.0
1355553,09-Sep-12,M4K,0.800
1355557,17-Sep-12,M4L,12.0
1355558,10-Sep-12,M4S,0.500
1355560,05-Sep-12,M1N,14.0
1355569,09-Sep-12,M4G,23.0
1355570,06-Sep-12,M1N,8.00
1355582,13-Sep-12,M6J,<0.500
1355583,06-Sep-12,M6J,11.0
1355584,04-Sep-12,M8V,14.0
1355631,09-Sep-12,M8X,<0.500
1355632,11-Sep-12,M6G,<0.500
1355635,13-Sep-12,M6R,<0.500
1355636,06-Sep-12,M6R,5.00
1357260,28-Aug-12,M6B,0.800
1357289,18-Sep-12,M5N,26.0
1357311,27-Aug-12,M1M,0.700
1357314,06-Sep-12,M5N,13.0
1357315,20-Sep-12,M2N,0.500
1357316,05-Sep-12,M2N,17.0
1357317,06-Sep-12,M4M,4.00
1357318,30-Aug-12,M5M,4.00
1357319,31-Aug-12,M6B,<0.500
1357320,19-Sep-12,M3L,4.00
1357321,14-Sep-12,M4W,87.0
1357322,05-Sep-12,M3H,0.600
1357323,19-Sep-12,M6B,<0.500
1358537,26-Sep-12,M4G,13.0
1358538,27-Sep-12,M4S,4.00
1358540,18-Sep-12,M4C,<0.500
1358541,18-Sep-12,M4C,14.0
1358547,26-Sep-12,M4E,11.0
1358549,20-Sep-12,M4G,3.00
1358550,11-Sep-12,M5P,18.0
1358552,19-Sep-12,M1N,39.0
1358553,21-Sep-12,M1L,6.00
1358584,06-Sep-12,M4C,1.00
1358585,17-Sep-12,M4K,3.00
1358586,18-Sep-12,M4E,3.00
1358589,26-Sep-12,M4E,3.00
1358597,23-Sep-12,M1S,<0.500
1358598,11-Sep-12,M4J,10.0
1358599,26-Sep-12,M4J,0.700
1358600,13-Sep-12,M4K,4.00
1358602,18-Sep-12,M4J,<0.500
1358603,07-Sep-12,M4S,6.00
1358604,13-Sep-12,M4G,2.00
1358605,20-Sep-12,M4G,<0.500
1358606,13-Sep-12,M4L,<0.500
1358607,24-Sep-12,M4E,0.500
1358608,06-Sep-12,M4M,10.0
1358609,12-Sep-12,M4J,<0.500
1358610,19-Sep-12,M4M,25.0
1358611,22-Sep-12,M1K,0.800
1358612,20-Sep-12,M4K,0.600
1358613,23-Sep-12,M6S,2.00
1358614,14-Sep-12,M4J,2.00
1358879,05-Sep-12,M4M,16.0
1360082,21-Sep-12,M6H,19.0
1360089,25-Sep-12,M1N,<0.500
1360106,25-Sep-12,M6N,14.0
1360107,28-Sep-12,M8V,<0.500
1360110,27-Sep-12,M6R,0.600
1360111,24-Sep-12,M6S,12.0
1360112,24-Sep-12,M3M,0.500
1360127,01-Oct-12,M6E,<0.500
1360128,01-Oct-12,M6B,0.600
1360130,27-Sep-12,M9N,<0.500
1360138,20-Sep-12,M6P,1.00
1360139,02-Oct-12,M6J,19.0
1360140,01-Oct-12,M6H,6.00
1360141,24-Sep-12,M6J,10.0
1360144,26-Sep-12,M6R,8.00
1360146,24-Sep-12,M6G,<0.500
1360147,26-Sep-12,M6C,5.00
1361971,29-Sep-12,M4L,55.0
1361975,03-Oct-12,M4M,17.0
1361978,04-Oct-12,M4C,0.500
1361980,04-Oct-12,M4K,80.0
1361994,02-Oct-12,M2N,1490
1362000,26-Sep-12,M3H,3.00
1362028,27-Sep-12,M4R,6.00
1362227,02-Oct-12,M6E,9.00
1362228,03-Oct-12,M5N,7.00
1362235,09-Oct-12,M4K,0.600
1362236,04-Oct-12,M2M,0.700
1362237,03-Oct-12,M6P,14.0
1362238,08-Oct-12,M4K,6.00
1362240,08-Oct-12,M6J,7.00
1362242,06-Oct-12,M4K,1.00
1362345,03-Oct-12,M6E,15.0
1362346,03-Oct-12,M6P,24.0
1362347,10-Oct-12,M6P,2.00
1362348,09-Oct-12,M9N,18.0
1362349,05-Oct-12,M5R,2.00
1366389,12-Oct-12,M4L,9.00
1366393,11-Oct-12,M6P,<0.500
1366434,11-Oct-12,M6J,<0.500
1366434,11-Oct-12,M6J,<0.500
1366435,17-Oct-12,M4B,<0.500
1366447,09-Oct-12,M5A,<0.500
1366448,11-Oct-12,M5P,<0.500
1366449,14-Oct-12,M4L,<0.500
1366450,11-Oct-12,M1N,5.00
1366451,16-Oct-12,M4L,9.00
1366452,15-Oct-12,M4M,5.00
1369168,22-Oct-12,M4M,3.00
1369169,24-Oct-12,M4M,4.00
1369170,24-Oct-12,M4M,6.00
1369181,20-Oct-12,M4M,13.0
1370295,13-Oct-12,M6C,2.00
1370300,01-Oct-12,M5N,10.0
1370301,15-Oct-12,M6C,6.00
1370302,01-Oct-12,M6C,31.0
1370303,15-Oct-12,M6G,5.00
1370304,17-Oct-12,M6L,2.00
1370356,08-Oct-12,M2N,0.800
1370357,30-Oct-12,M4E,10.0
1370361,11-Oct-12,M4S,5.00
1370364,09-Oct-12,M5N,4.00
1370365,10-Oct-12,M5M,5.00
1370366,21-Oct-12,M4R,1.00
1370378,17-Oct-12,M1C,2.00
1370733,23-Oct-12,M6R,6.00
1370742,19-Oct-12,M6N,10.0
1370743,09-Oct-12,M8Y,11.0
1370757,22-Oct-12,M9A,0.900
1370762,17-Oct-12,M8X,<0.500
1370763,29-Oct-12,M8V,<0.500
1370764,15-Oct-12,M6S,5.00
1370766,18-Oct-12,M6P,8.00
1370767,11-Oct-12,M6H,<0.500
1370771,17-Oct-12,M6P,4.00
1370774,10-Oct-12,M6R,7.00
1370775,26-Oct-12,M6E,18.0
1370779,22-Oct-12,M6J,2.00
1370790,22-Oct-12,M6R,<0.500
1370793,30-Sep-12,M6G,<0.500
1370797,29-Oct-12,M4T,2.00
1370801,12-Oct-12,M6J,<0.500
1370811,18-Oct-12,M6R,<0.500
1370812,15-Oct-12,M6S,<0.500
1370817,18-Oct-12,M4E,<0.500
1370818,24-Oct-12,M4J,18.0
1370819,18-Oct-12,M4M,14.0
1370820,20-Oct-12,M4G,19.0
1370821,31-Oct-12,M4V,8.00
1371577,31-Oct-12,M4C,8.00
1371583,25-Oct-12,M4C,5.00
1371584,25-Oct-12,M4L,0.500
1371591,22-Oct-12,M4L,6.00
1371592,22-Oct-12,M4L,5.00
1371610,29-Oct-12,M4S,2.00
1373361,05-Nov-12,M6J,41.0
1373362,01-Nov-12,M6C,<0.500
1373363,06-Nov-12,M4R,13.0
1373373,01-Nov-12,M6S,<0.500
1374440,02-Nov-12,M4J,<0.500
1374441,05-Nov-12,M4C,<0.500
1374442,05-Nov-12,M4E,5.00
1374443,05-Nov-12,M4L,3.00
1374444,06-Nov-12,M4J,14.0
1374445,01-Nov-12,M4M,8.00
1374446,05-Nov-12,M4M,2.00
1374447,02-Nov-12,M4C,12.0
1374448,01-Nov-12,M4E,16.0
1374450,02-Nov-12,M4J,<0.500
1374452,07-Nov-12,M4M,3.00
1374453,06-Nov-12,M4L,<0.500
1374458,31-Oct-12,M4E,3.00
1374461,02-Nov-12,M4J,<0.500
1374471,01-Nov-12,M4K,3.00
1374472,07-Nov-12,M4L,<0.500
1375722,09-Oct-12,M2N,15.0
1375724,02-Nov-12,M5M,11.0
1375725,01-Nov-12,M6G,8.00
1375726,05-Nov-12,M5M,11.0
1375727,31-Oct-12,M4R,2.00
1376241,13-Nov-12,M6P,3.00
1376243,06-Nov-12,M6N,11.0
1376244,27-Oct-12,M6K,9.00
1376245,02-Nov-12,M6P,1.00
1376246,13-Nov-12,M6P,<0.500
1376247,01-Nov-12,M6G,12.0
1376249,13-Nov-12,M8W,<0.500
1376250,30-Oct-12,M9A,<0.500
1376254,08-Nov-12,M6P,<0.500
1377250,12-Nov-12,M4J,<0.500
1377252,12-Nov-12,M4J,6.00
1377254,07-Nov-12,M4E,<0.500
1377255,13-Nov-12,M1L,<0.500
1377256,13-Nov-12,M4J,5.00
1378439,12-Nov-12,M6S,4.00
1378453,08-Nov-12,M4M,3.00
1378454,13-Nov-12,M5P,<0.500
1379992,15-Nov-12,M4C,4.00
1379993,14-Nov-12,M4L,6.00
1379994,15-Nov-12,M4M,5.00
1379995,15-Nov-12,M4J,1760
1381379,20-Nov-12,M4R,21.0
1381380,22-Nov-12,M4N,<0.500
1381382,20-Nov-12,M2N,<0.500
1381383,19-Nov-12,M3H,<0.500
1381384,15-Nov-12,M1M,0.600
1381914,21-Nov-12,M6H,3.00
1381915,22-Nov-12,M6S,1.00
1381916,21-Nov-12,M6S,4.00
1381917,06-Nov-12,M1N,6.00
1381918,07-Nov-12,M4E,<0.500
1381919,14-Nov-12,M6S,5.00
1382186,15-Nov-12,M6S,6.00
1382187,17-Nov-12,M6H,27.0
1382188,16-Nov-12,M8V,0.600
1382331,26-Nov-12,M6S,6.00
1382444,19-Nov-12,M6J,3.00
1382627,26-Nov-12,M6P,7.00
1382705,26-Nov-12,M6J,<0.500
1382891,26-Nov-12,M6J,<0.500
1382892,22-Nov-12,M6P,11.0
1382893,28-Nov-12,M1N,2.00
1382894,26-Nov-12,M1M,6.00
1382895,23-Nov-12,M4C,3.00
1382896,21-Nov-12,M4E,44.0
1382897,28-Nov-12,M1N,<0.500
1382898,27-Nov-12,M4L,<0.500
1382899,22-Nov-12,M4M,0.800
1382900,22-Nov-12,M4M,7.00
1384289,21-Nov-12,M6E,6.00
1384290,23-Nov-12,M4W,<0.500
1384291,28-Nov-12,M6S,13.0
1384292,21-Nov-12,M5A,2.00
1384294,29-Nov-12,M6G,<0.500
1384313,20-Nov-12,M6C,<0.500
1384346,28-Nov-12,M4M,1.00
1384349,20-Nov-12,M6S,2.00
1384363,30-Nov-12,M5P,0.800
1384364,27-Nov-12,M5N,<0.500
1385693,06-Dec-12,M4L,5.00
1385694,03-Dec-12,M4C,<0.500
1385695,06-Dec-12,M4C,5.00
1385698,28-Nov-12,M4E,6.00
1385699,05-Dec-12,M4M,3.00
1385715,04-Dec-12,M4G,4.00
1389492,02-Dec-12,M2N,<0.500
1389503,30-Nov-12,M2N,<0.500
1389505,27-Nov-12,M5P,<0.500
1389506,02-Dec-12,M4J,2.00
1389507,07-Dec-12,M2J,<0.500
1389964,17-Dec-12,M6E,10.0
1389965,14-Dec-12,M6M,3.00
1389966,14-Dec-12,M6C,<0.500
1389967,11-Dec-12,M4B,0.600
1389968,29-Nov-12,M2N,<0.500
1389973,02-Dec-12,M1M,<0.500
1389974,18-Dec-12,M5M,6.00
1389980,18-Dec-12,M4M,7.00
1389981,10-Dec-12,M4S,1.00
1389983,11-Dec-12,M4C,0.800
1389984,12-Dec-12,M4E,10.0
1389986,11-Dec-12,M4C,3.00
1390000,12-Dec-12,M4E,0.600
1390008,12-Dec-12,M6H,<0.500
1390009,13-Dec-12,M6P,2.00
1390010,06-Dec-12,M6P,8.00
1390011,12-Dec-12,M6E,8.00
1390012,27-Nov-12,M6G,5.00
1390013,05-Dec-12,M6E,2.00
1390014,15-Dec-12,M6C,4.00
1390015,17-Dec-12,M6P,<0.500
1390925,07-Dec-12,M4E,<0.500
1390942,09-Dec-12,M4L,9.00
1390943,07-Dec-12,M4G,0.600
1390944,17-Dec-12,M4J,0.800
1390945,07-Dec-12,M4L,13.0
1390946,04-Dec-12,M4L,0.600
1393999,21-Dec-12,M4E,<0.500
1394045,02-Jan-13,M5A,8.00
1396577,04-Jan-13,M6H,12.0
1396578,03-Dec-12,M6P,4.00
1396579,03-Jan-13,M6N,0.900
1396580,03-Jan-13,M8Y,0.800
1396581,20-Dec-12,M9B,<0.500
1396582,19-Dec-12,M5M,8.00
1396583,02-Jan-13,M6E,3.00
1396586,07-Jan-13,M4L,<0.500
1396588,04-Jan-13,M4E,<0.500
1396590,07-Jan-13,M4M,6.00
1397957,04-Jan-13,M5N,8.00
1397958,19-Dec-12,M4G,<0.500
1397964,08-Dec-12,M4R,7.00
1397967,09-Jan-13,M4N,3.00
1397972,19-Dec-12,M4G,<0.500
1397979,09-Jan-13,M2N,<0.500
1397993,16-Jan-13,M2J,<0.500
1400319,20-Dec-12,M4M,13.0
1400320,08-Jan-13,M4M,1.00
1400321,09-Jan-13,M4G,0.900
1400322,09-Jan-13,M4J,2.00
1400323,09-Jan-13,M4J,3.00
1400324,10-Jan-13,M4S,<0.500
1400334,13-Jan-13,M4E,6.00
1400335,15-Jan-13,M4J,2.00
1400341,16-Jan-13,M4L,4.00
1400342,16-Jan-13,M4L,<0.500
1400604,15-Jan-13,M4M,<0.500
1403048,18-Jan-13,M4R,11.0
1403049,17-Jan-13,M6H,3.00
1403071,20-Jan-13,M4X,3.00
1403072,16-Jan-13,M5A,3.00
1403073,23-Jan-13,M4M,9.00
1403091,21-Jan-13,M4A,<0.500
1403092,22-Jan-13,M4J,<0.500
1403323,10-Jan-13,M8W,<0.500
1403324,21-Jan-13,M5R,3.00
1403325,23-Jan-13,M6S,4.00
1403326,25-Jan-13,M6H,3.00
1403337,30-Jan-13,M6R,5.00
1403338,17-Jan-13,M6B,<0.500
1403339,16-Jan-13,M1E,<0.500
1403346,11-Jan-13,M1K,<0.500
1403349,22-Jan-13,M1R,<0.500
1403350,10-Jan-13,M6K,<0.500
1403351,18-Jan-13,M6R,6.00
1403353,29-Jan-13,M8V,10.0
1405766,17-Jan-13,M4R,2.00
1405770,18-Jan-13,M5M,3.00
1405771,16-Jan-13,M4S,13.0
1405773,28-Jan-13,M4N,0.700
1405774,30-Jan-13,M3H,<0.500
1405775,25-Jan-13,M4K,<0.500
1405776,29-Jan-13,M2H,<0.500
1405823,04-Feb-13,M6S,7.00
1405824,04-Feb-13,M6P,3.00
1405827,18-Jan-13,M4P,10.0
1406849,24-Jan-13,M4L,19.0
1406850,29-Jan-13,M4L,6.00
1406851,24-Jan-13,M4E,1.00
1406867,04-Feb-13,M4E,3.00
1406869,25-Jan-13,M4L,5.00
1406870,01-Feb-13,M4E,9.00
1406871,21-Jan-13,M4E,5.00
1406872,18-Jan-13,M4E,7.00
1406873,23-Jan-13,M4J,7.00
1406874,23-Jan-13,M4K,<0.500
1406875,05-Feb-13,M4L,<0.500
1406897,25-Jan-13,M4L,2.00
1406898,05-Feb-13,M4L,3.00
1406899,17-Jan-13,M4L,4.00
1406900,01-Feb-13,M4B,<0.500
1406901,31-Jan-13,M4C,2.00
1406902,23-Jan-13,M4E,5.00
1406903,17-Jan-13,M1L,<0.500
1406904,07-Feb-13,M4L,<0.500
1406905,24-Jan-13,M4J,4.00
1406941,21-Jan-13,M4C,3.00
1406942,20-Jan-13,M4K,11.0
1408190,06-Feb-13,M6H,<0.500
1408220,28-Jan-13,M4S,5.00
1408221,06-Feb-13,M6S,8.00
1408222,05-Feb-13,M4M,4.00
1408224,28-Jan-13,M4M,6.00
1408227,11-Feb-13,M8Z,0.800
1408303,12-Feb-13,M4J,<0.500
1408312,07-Feb-13,M4C,9.00
1410012,17-Jan-13,M5S,9.00
1410365,11-Feb-13,M5R,6.00
1410367,14-Feb-13,M4L,7.00
1411364,13-Feb-13,M1M,<0.500
1411368,20-Feb-13,M4G,10.0
1411457,19-Feb-13,M4C,<0.500
1412631,22-Feb-13,M6E,2.00
1412634,19-Feb-13,M4S,0.500
1412636,12-Feb-13,M6G,8.00
1412638,12-Feb-13,M6S,8.00
1412642,20-Feb-13,M6K,<0.500
1412647,19-Feb-13,M4V,9.00
1412715,08-Feb-13,M2M,<0.500
1412716,22-Feb-13,M6K,8.00
1412717,06-Feb-13,M6S,20.0
1412718,21-Feb-13,M6P,3.00
1413940,22-Feb-13,M4E,6.00
1413941,28-Feb-13,M4J,<0.500
1413942,22-Feb-13,M4C,1.00
1413946,22-Feb-13,M4E,<0.500
1413948,27-Feb-13,M4C,9.00
1413949,25-Feb-13,M4L,4.00
1413950,26-Feb-13,M4C,2.00
1415641,25-Feb-13,M4C,17.0
1415643,22-Feb-13,M4C,3.00
1415662,25-Feb-13,M4C,2600
1415671,25-Feb-13,M4M,3.00
1415674,04-Mar-13,M5R,4.00
1415675,24-Feb-13,M5R,6.00
1415676,25-Feb-13,M4X,<0.500
1418222,10-Mar-13,M6R,1.00
1419134,05-Mar-13,M4E,<0.500
1419135,08-Mar-13,M4P,9.00
1419136,05-Mar-13,M4K,1.00
1419137,28-Feb-13,M4E,2.00
1419138,25-Feb-13,M4K,2.00
1419139,06-Mar-13,M4C,4.00
1419140,08-Mar-13,M4L,1.00
1419141,05-Mar-13,M4C,0.500
1419159,13-Mar-13,M4J,2.00
1419162,11-Mar-13,M4J,4.00
1419164,13-Mar-13,M4K,2.00
1419165,08-Mar-13,M4B,<0.500
1419166,11-Mar-13,M4C,7.00
1419167,06-Mar-13,M4L,6.00
1419168,06-Mar-13,M4C,4.00
1419169,04-Mar-13,M4J,2.00
1419170,22-Feb-13,M4E,<0.500
1420472,05-Mar-13,M5M,0.700
1421291,15-Mar-13,M4G,<0.500
1421295,11-Feb-13,M9M,<0.500
1421302,26-Feb-13,M5M,2.00
1421309,14-Mar-13,M4T,2.00
1421312,15-Mar-13,M5R,0.500
1421313,15-Mar-13,M6H,4.00
1421315,21-Mar-13,M6E,7.00
1421923,06-Mar-13,M6J,0.700
1421928,27-Feb-13,M3B,<0.500
1421932,05-Mar-13,M4V,<0.500
1421940,12-Mar-13,M4N,4.00
1421969,28-Feb-13,M5M,1.00
1421970,18-Feb-13,M3C,6.00
1421972,04-Mar-13,M6C,1.00
1421977,28-Feb-13,M6M,0.500
1421979,05-Mar-13,M4S,4.00
1421980,14-Mar-13,M4N,12.0
1422001,08-Mar-13,M4L,1.00
1422037,11-Mar-13,M4L,6.00
1422038,27-Feb-13,M4C,<0.500
1422544,20-Mar-13,M6J,6.00
1423638,04-Mar-13,M4L,5.00
1423640,07-Mar-13,M1S,<0.500
1423641,20-Mar-13,M1M,<0.500
1423642,25-Mar-13,M1M,15.0
1425300,19-Mar-13,M4J,4.00
1425316,03-Apr-13,M4J,0.600
1425318,19-Mar-13,M4L,10.0
1425334,22-Mar-13,M4K,1.00
1425357,15-Mar-13,M4C,12.0
1425360,26-Mar-13,M4G,0.700
1425362,26-Mar-13,M4G,7.00
1428563,11-Apr-13,M5A,4.00
1428570,09-Apr-13,M5G,0.600
1428571,09-Apr-13,M6S,0.600
1428572,24-Mar-13,M6P,8.00
1428573,18-Mar-13,M9C,<0.500
1428574,14-Mar-13,M9A,5.00
1428575,18-Mar-13,M6H,2.00
1429261,28-Mar-13,M6R,7.00
1429262,17-Mar-13,M8Z,<0.500
1429263,03-Apr-13,M4K,3.00
1429275,27-Mar-13,M6S,0.600
1429279,26-Mar-13,M6J,0.700
1429280,28-Mar-13,M6N,3.00
1429288,18-Mar-13,M8X,<0.500
1429298,02-Apr-13,M4K,8.00
1429322,08-Apr-13,M6J,26.0
1429324,07-Apr-13,M1R,<0.500
1429325,05-Apr-13,M6H,7.00
1429326,23-Mar-13,M6R,7.00
1429327,02-Apr-13,M6S,10.0
1429328,03-Apr-13,M4L,<0.500
1429329,02-Apr-13,M4E,1.00
1429330,02-Apr-13,M1N,<0.500
1429331,15-Mar-13,M6H,3.00
1429332,31-Mar-13,M4L,<0.500
1429333,07-Apr-13,M1R,<0.500
1429341,07-Apr-13,M4L,<0.500
1429342,03-Apr-13,M4K,<0.500
1429343,05-Apr-13,M4M,<0.500
1429344,04-Apr-13,M4C,3.00
1429357,31-Mar-13,M4G,<0.500
1429358,02-Apr-13,M4G,3.00
1429359,09-Apr-13,M4L,2.00
1429364,02-Apr-13,M4E,6.00
1429365,03-Apr-13,M4E,7.00
1429366,03-Apr-13,M4B,<0.500
1429367,04-Apr-13,M4L,<0.500
1429368,03-Apr-13,M4L,<0.500
1429837,03-Apr-13,M5N,<0.500
1429886,03-Apr-13,M6S,<0.500
1429887,03-Apr-13,M4N,<0.500
1429888,04-Apr-13,M6J,1.00
1429889,02-Apr-13,M6R,<0.500
1429903,08-Apr-13,M6H,<0.500
1429904,03-Apr-13,M4R,8.00
1429913,04-Apr-13,M6B,2.00
1429914,09-Apr-13,M4J,7.00
1429936,04-Apr-13,M6G,<0.500
1429956,03-Apr-13,M4M,<0.500
1429957,10-Apr-13,M5M,4.00
1429958,26-Mar-13,M4L,1.00
1429959,21-Mar-13,M4N,1.00
1429975,27-Mar-13,M6S,1.00
1429978,08-Apr-13,M4M,3.00
1429981,08-Apr-13,M2H,<0.500
1429982,03-Apr-13,M4N,2.00
1429983,02-Apr-13,M4J,0.500
1429988,26-Mar-13,M6J,3.00
1429990,26-Mar-13,M6H,2.00
1429991,21-Mar-13,M2J,0.500
1429993,21-Mar-13,M6G,<0.500
1429994,24-Mar-13,M4Y,0.900
1429996,20-Mar-13,M6S,10.0
1430000,01-Apr-13,M5R,<0.500
1430511,15-Apr-13,M6C,<0.500
1432181,13-Apr-13,M4C,13.0
1432220,16-Apr-13,M4C,7.00
1432221,15-Apr-13,M4C,4.00
1432222,17-Apr-13,M4M,1.00
1432223,16-Apr-13,M4C,<0.500
1434644,15-Apr-13,M6C,3.00
1434645,18-Apr-13,M4X,5.00
1434655,23-Apr-13,M4K,<0.500
1434656,16-Apr-13,M4L,1.00
1434657,17-Apr-13,M4P,<0.500
1434658,24-Apr-13,M4M,4.00
1434659,23-Apr-13,M4N,7.00
1434660,23-Apr-13,M4S,4.00
1434724,17-Apr-13,M6C,0.900
1434732,16-Apr-13,M4L,2.00
1434733,16-Apr-13,M6G,<0.500
1434735,11-Apr-13,M6P,3.00
1434736,19-Apr-13,M4K,<0.500
1434737,18-Apr-13,M4K,<0.500
1434770,22-Apr-13,M4V,<0.500
1434771,19-Apr-13,M4L,<0.500
1434772,22-Apr-13,M4K,2.00
1434773,19-Apr-13,M4K,<0.500
1436288,24-Apr-13,M6S,13.0
1436330,21-Apr-13,M6P,4.00
1436339,16-Apr-13,M8Y,<0.500
1436353,30-Apr-13,M6P,12.0
1436355,26-Apr-13,M6P,<0.500
1436356,24-Apr-13,M6J,5.00
1436357,11-Apr-13,M6S,<0.500
1436358,20-Apr-13,M6H,0.900
1436359,25-Apr-13,M6P,<0.500
1436361,29-Apr-13,M6E,3.00
1436371,26-Apr-13,M9A,<0.500
1436374,16-Apr-13,M6R,3.00
1437232,30-Apr-13,M4L,5.00
1437236,29-Apr-13,M4C,4.00
1437269,29-Apr-13,M4M,10.0
1437270,29-Apr-13,M4E,2.00
1437279,28-Apr-13,M1L,<0.500
1437280,08-Apr-13,M4G,<0.500
1437286,24-Apr-13,M4J,4.00
1437470,02-May-13,M4L,3.00
1437473,02-May-13,M4L,3.00
1438573,03-May-13,M2N,1.00
1438603,03-May-13,M4W,<0.500
1438615,23-Apr-13,M4N,10.0
1438616,23-Apr-13,M2L,<0.500
1440022,02-May-13,M4C,4.00
1440023,07-May-13,M4C,10.0
1440024,09-May-13,M4L,6.00
1440066,27-Mar-13,M4C,3.00
1440067,27-Mar-13,M4B,<0.500
1440068,02-May-13,M4C,6.00
1440069,12-Apr-13,M1R,0.700
1441666,18-Mar-13,M4K,<0.500
1441828,09-May-13,M4N,6.00
1441829,24-Apr-13,M5M,9.00
1441831,06-May-13,M4M,5.00
1441834,14-May-13,M6K,4.00
1441835,10-May-13,M5S,<0.500
1441836,03-May-13,M4M,3.00
1441837,26-Apr-13,M5S,4.00
1441839,08-May-13,M6L,0.800
1441879,16-Apr-13,M1E,4.00
1441880,12-May-13,M5R,<0.500
1441881,14-May-13,M4K,8.00
1441882,07-May-13,M5M,13.0
1441883,15-May-13,M8Z,<0.500
1441884,12-May-13,M6E,11.0
1441885,09-May-13,M6R,<0.500
1442671,29-Mar-13,M6R,<0.500
1442683,03-May-13,M6H,11.0
1442894,03-May-13,M6S,4.00
1443299,14-May-13,M4K,1.00
1443300,15-May-13,M4E,13.0
1443303,16-May-13,M4J,0.700
1443306,16-May-13,M4E,8.00
1443308,13-May-13,M4E,4.00
1443424,13-May-13,M4C,4.00
1443435,16-May-13,M4K,2.00
1443436,16-May-13,M4E,1.00
1445174,22-May-13,M4G,2.00
1445178,17-May-13,M4C,12.0
1445194,17-May-13,M4M,0.900
1445210,17-May-13,M4L,4.00
1445218,17-May-13,M4L,4.00
1446365,16-May-13,M4N,6.00
1446371,17-May-13,M4J,<0.500
1446373,22-May-13,M5N,0.700
1446381,28-May-13,M3J,<0.500
1446605,10-May-13,M3C,1.00
1446999,24-May-13,M6J,4.00
1447009,17-May-13,M6P,0.800
1447010,16-May-13,M6G,4.00
1447011,23-May-13,M6E,3.00
1447025,21-May-13,M9B,0.500
1447030,28-May-13,M9W,<0.500
1447032,23-May-13,M6H,0.600
1447033,26-May-13,M6G,6.00
1447196,27-May-13,M6P,<0.500
1447197,24-May-13,M4C,1.00
1447198,23-May-13,M4C,3.00
1447199,28-May-13,M4J,3.00
1447200,30-May-13,M4J,4.00
1447918,28-May-13,M4C,<0.500
1448050,28-May-13,M4C,0.700
1450250,03-Jun-13,M4C,<0.500
1450255,30-May-13,M4M,2.00
1450261,30-May-13,M4M,3.00
1450266,03-Jun-13,M4J,5.00
1450271,30-May-13,M4J,7.00
1450277,30-May-13,M4K,13.0
1450280,04-Jun-13,M4J,14.0
1450295,02-Jun-13,M4L,<0.500
1451346,05-Jun-13,M4E,6.00
1452476,31-May-13,M2R,32.0
1452478,06-Jun-13,M5M,4.00
1452484,06-Jun-13,M4N,<0.500
1452596,03-Jun-13,M5P,3.00
1452597,30-May-13,M5N,0.500
1452619,30-May-13,M2N,<0.500
1452622,06-Jun-13,M4V,2.00
1452623,04-Jun-13,M6E,<0.500
1452624,03-Jun-13,M3M,<0.500
1452679,30-May-13,M4M,11.0
1452683,12-Jun-13,M6C,0.500
1452684,27-May-13,M6P,<0.500
1452686,27-May-13,M6G,0.500
1452687,25-May-13,M4W,3.00
1452688,20-May-13,M4M,3.00
1452689,23-May-13,M3C,<0.500
1452690,23-May-13,M3C,<0.500
1452691,04-Jun-13,M4V,4.00
1452699,07-Jun-13,M8W,13.0
1452700,07-Jun-13,M8W,10.0
1452717,27-Apr-13,M5C,<0.500
1452718,16-May-13,M4K,5.00
1452731,23-May-13,M4L,5.00
1452802,03-Jun-13,M9N,6.00
1452803,16-May-13,M8Y,4.00
1452811,23-May-13,M6G,<0.500
1452835,10-Jun-13,M8X,0.900
1452837,16-May-13,M4P,22.0
1452839,11-Jun-13,M6G,<0.500
1452841,04-Jun-13,M6S,0.700
1452842,22-May-13,M4S,6.00
1453445,11-Jun-13,M9B,<0.500
1453446,10-Jun-13,M8X,6.00
1453447,10-Jun-13,M6R,7.00
1453448,09-Jun-13,M4L,3.00
1453449,07-Jun-13,M1N,5.00
1453482,12-Jun-13,M4J,2.00
1453493,11-Jun-13,M4B,<0.500
1453496,12-Jun-13,M3C,1.00
1453497,07-Jun-13,M4K,6.00
1453498,10-Jun-13,M4J,4.00
1453504,11-Jun-13,M4B,15.0
1453530,27-Apr-13,M5C,<0.500
1453890,06-Jun-13,M4N,1.00
1456349,12-Jun-13,M6P,15.0
1456349,12-Jun-13,M6P,15.0
1456351,14-Jun-13,M4C,4.00
1456351,14-Jun-13,M4C,4.00
1456353,17-Jun-13,M4E,<0.500
1456353,17-Jun-13,M4E,<0.500
1456356,18-Jun-13,M4W,14.0
1456356,18-Jun-13,M4W,14.0
1456360,18-Jun-13,M4E,0.600
1456364,14-Jun-13,M4J,13.0
1456376,18-Jun-13,M4R,14.0
1456660,12-Jun-13,M4G,6.00
1456712,19-Jun-13,M6E,10.0
1456713,13-Jun-13,M6G,3.00
1456716,13-Jun-13,M5N,9.00
1456717,12-Jun-13,M4K,2.00
1456718,19-Jun-13,M6H,3.00
1456719,18-Jun-13,M5M,7.00
1456720,21-Jun-13,M4J,<0.500
1457463,10-Jun-13,M1M,6.00
1457464,15-May-13,M1B,<0.500
1457467,10-May-13,M1K,<0.500
1458486,17-Jun-13,M6P,<0.500
1458487,13-Jun-13,M6S,<0.500
1458488,25-Jun-13,M6E,4.00
1458498,13-Jun-13,M6P,0.800
1458504,20-Jun-13,M4L,0.700
1458510,21-Jun-13,M4J,<0.500
1458511,26-Jun-13,M4C,6.00
1458512,20-Jun-13,M4E,4.00
1461464,26-Jun-13,M5S,3.00
1461468,25-Jun-13,M4L,5.00
1461480,25-Jun-13,M4M,2.00
1461482,27-Jun-13,M1N,1.00
1461483,03-Jul-13,M6K,<0.500
1461491,01-Jul-13,M4E,10.0
1461496,25-Jun-13,M4W,<0.500
1461497,23-Jun-13,M5T,12.0
1461498,02-Jul-13,M6G,0.600
1464034,05-Jul-13,M8X,<0.500
1464054,02-Jul-13,M6P,3.00
1464067,16-Jun-13,M6S,6.00
1464070,09-Jul-13,M6R,3.00
1464083,04-Jul-13,M6R,8.00
1464098,26-Jun-13,M6G,<0.500
1464099,08-Jul-13,M9B,0.500
1464107,08-Jul-13,M6H,0.900
1464110,04-Jul-13,M6R,3.00
1464127,08-Jul-13,M8Y,<0.500
1465507,05-Jul-13,M1N,<0.500
1465522,08-Jul-13,M4G,16.0
1465526,05-Jul-13,M1N,<0.500
1465679,28-Jun-13,M4C,2.00
1465690,04-Jul-13,M4E,3.00
1465692,02-Jul-13,M4C,9.00
1465748,05-Jul-13,M6G,<0.500
1465750,04-Jul-13,M4J,12.0
1465751,26-Jun-13,M4J,6.00
1465752,27-Jun-13,M4E,5.00
1469354,18-Jul-13,M4L,2.00
1469355,18-Jul-13,M4J,7.00
1469375,17-Jul-13,M4J,1.00
1469379,22-Jul-13,M4P,<0.500
1469386,17-Jul-13,M6C,<0.500
1469387,18-Jul-13,M5A,6.00
1469401,20-Jul-13,M5T,<0.500
1469402,11-Jul-13,M6K,8.00
1469403,11-Jul-13,M5R,5.00
1469406,17-Jul-13,M6P,8.00
1469407,10-Jul-13,M5V,<0.500
1469534,05-Jul-13,M4M,3.00
1469538,05-Jul-13,M4C,10.0
1469542,04-Jul-13,M5R,13.0
1469543,10-Jul-13,M4L,5.00
1469544,18-Jul-13,M5A,2.00
1469546,05-Jul-13,M4S,6.00
1469551,19-Jul-13,M4C,3.00
1469898,06-Jun-13,M5M,6.00
1469899,09-Jul-13,M3M,<0.500
1469900,10-Jul-13,M5P,5.00
1469956,03-Jul-13,M5M,0.500
1470029,25-Jun-13,M4N,12.0
1470039,18-Jun-13,M3A,<0.500
1470072,09-Jul-13,M4E,<0.500
1470073,19-Jun-13,M5M,4.00
1470076,19-Jun-13,M3A,<0.500
1470077,18-Jun-13,M4P,8.00
1470083,27-Jun-13,M5M,7.00
1470314,09-Jul-13,M3H,<0.500
1470319,17-Jul-13,M4R,<0.500
1470464,04-Jul-13,M4R,2.00
1470467,02-Jul-13,M5M,0.900
1470471,27-Jun-13,M4N,<0.500
1470473,16-Jul-13,M3M,<0.500
1470474,24-Jun-13,M4N,18.0
1471586,16-Jul-13,M4T,5.00
1471587,15-Jul-13,M4S,<0.500
1471588,11-Jul-13,M4J,5.00
1471589,15-Jul-13,M4J,8.00
1471590,16-Jul-13,M4E,<0.500
1471591,17-Jul-13,M4L,4.00
1471592,22-Jul-13,M4C,<0.500
1471593,10-Jul-13,M4L,3.00
1471594,17-Jul-13,M4L,<0.500
1471595,19-Jul-13,M4C,2.00
1473746,04-Jul-13,M1N,0.800
1473750,15-Jul-13,M1V,<0.500
1473755,15-Jul-13,M1V,12.0
1473990,22-Jul-13,M6J,3.00
1473991,30-Jul-13,M5V,<0.500
1474041,23-Jul-13,M9A,<0.500
1474042,16-Jul-13,M8W,<0.500
1474043,23-Jul-13,M6S,24.0
1474044,29-Jul-13,M6S,2.00
1474045,26-Jun-13,M4M,<0.500
1474046,28-Jul-13,M6S,<0.500
1474060,18-Jul-13,M6R,<0.500
1474061,23-Jul-13,M6H,10.0
1474073,15-Jul-13,M6S,25.0
1474127,27-Jun-13,M6R,<0.500
1474128,18-Jul-13,M4C,4.00
1476564,22-Jul-13,M6E,<0.500
1476568,25-Jul-13,M5M,2.00
1476569,23-Jul-13,M2N,<0.500
1476570,24-Jul-13,M4T,0.600
1476571,31-Jul-13,M4G,<0.500
1476579,23-Jul-13,M9A,<0.500
1477311,29-Jul-13,M6C,<0.500
1477332,29-Jul-13,M6G,<0.500
1477336,29-Jul-13,M4G,4.00
1477337,29-Jul-13,M5R,<0.500
1477338,26-Jul-13,M4S,<0.500
1477339,22-Jul-13,M6J,4.00
1477343,06-Aug-13,M5A,2.00
1477344,31-Jul-13,M6C,<0.500
1477345,31-Jul-13,M5N,43.0
1477346,23-Jul-13,M2N,<0.500
1477347,02-Aug-13,M6G,19.0
1477857,31-Jul-13,M4C,<0.500
1477858,31-Jul-13,M4M,12.0
1477859,31-Jul-13,M6K,<0.500
1477860,31-Jul-13,M4E,0.800
1477861,31-Jul-13,M4V,10.0
1477864,29-Jul-13,M4K,28.0
1477870,06-Aug-13,M4R,13.0
1477871,31-Jul-13,M1N,16.0
1477883,26-Jun-13,M4J,0.500
1477896,29-Jul-13,M4C,<0.500
1477897,02-Aug-13,M4R,7.00
1477898,26-Jul-13,M4J,15.0
1479587,05-Aug-13,M1E,<0.500
1479587,05-Aug-13,M1E,<0.500
1479589,12-Aug-13,M9C,<0.500
1479589,12-Aug-13,M9C,<0.500
1479595,07-Aug-13,M6P,<0.500
1479595,07-Aug-13,M6P,<0.500
1479597,12-Aug-13,M6R,0.600
1479597,12-Aug-13,M6R,0.700
1479604,09-Aug-13,M6H,<0.500
1479604,09-Aug-13,M6H,<0.500
1479698,09-Aug-13,M6S,1.00
1479698,09-Aug-13,M6S,1.00
1479699,13-Aug-13,M8Z,<0.500
1479699,13-Aug-13,M8Z,<0.500
1479700,08-Aug-13,M9B,<0.500
1479700,08-Aug-13,M9B,<0.500
1479703,08-Aug-13,M6R,6.00
1479703,08-Aug-13,M6R,6.00
1479706,09-Aug-13,M8Z,<0.500
1479706,09-Aug-13,M8Z,<0.500
1481030,09-Aug-13,M4L,5.00
1481030,09-Aug-13,M4L,6.00
1481031,13-Aug-13,M4J,17.0
1481031,13-Aug-13,M4J,18.0
1481086,13-Aug-13,M4J,13.0
1481086,13-Aug-13,M4J,14.0
1481089,13-Aug-13,M6G,<0.500
1481089,13-Aug-13,M6G,0.500
1481094,08-Aug-13,M4L,12.0
1481094,08-Aug-13,M4L,13.0
1481100,08-Aug-13,M4M,4.00
1481100,08-Aug-13,M4M,4.00
1481101,09-Aug-13,M4L,5.00
1481101,09-Aug-13,M4L,5.00
1481102,14-Aug-13,M5A,<0.500
1481102,14-Aug-13,M5A,<0.500
1481103,09-Aug-13,M6C,<0.500
1481103,09-Aug-13,M6C,0.800
1482757,11-Aug-13,M2N,<0.500
1482758,13-Aug-13,M2N,3.00
1482759,16-Aug-13,M6S,4.00
1482768,16-Aug-13,M9A,0.600
1482775,13-Aug-13,M4R,<0.500
1482777,14-Aug-13,M2N,<0.500
1483263,16-Aug-13,M4L,<0.500
1483264,14-Aug-13,M4E,9.00
1483271,19-Aug-13,M4K,<0.500
1485541,15-Aug-13,M4L,8.00
1488554,23-Aug-13,M4L,10.0
1488561,10-Aug-13,M4P,4.00
1488591,29-Aug-13,M4E,<0.500
1488592,21-Aug-13,M6R,<0.500
1488593,27-Aug-13,M4M,<0.500
1488600,27-Aug-13,M6S,7.00
1488602,16-Aug-13,M6K,14.0
1488922,18-Aug-13,M6E,11.0
1488927,21-Aug-13,M9A,<0.500
1488930,04-Aug-13,M8V,2.00
1488931,12-Aug-13,M9A,3.00
1488947,23-Aug-13,M5M,4.00
1488951,26-Aug-13,M4C,1.00
1488952,28-Aug-13,M4J,<0.500
1488953,23-Aug-13,M6R,<0.500
1488960,22-Aug-13,M4L,<0.500
1488970,28-Aug-13,M4J,12.0
1488976,22-Aug-13,M4L,6.00
1488983,22-Aug-13,M4J,1.00
1489173,13-Aug-13,M6H,<0.500
1489177,27-Aug-13,M4E,7.00
1489180,29-Aug-13,M4J,23.0
1489186,18-Aug-13,M6J,3.00
1489190,25-Aug-13,M6H,6.00
1489193,26-Aug-13,M4K,3.00
1489196,28-Aug-13,M4L,6.00
1489203,12-Aug-13,M4N,1.00
1489207,26-Aug-13,M4P,0.500
1489221,23-Aug-13,M6G,<0.500
1491444,29-Aug-13,M4L,<0.500
1491445,03-Sep-13,M4E,8.00
1491446,04-Sep-13,M4K,2410
1491447,04-Sep-13,M4J,1.00
1491448,29-Aug-13,M4E,3110
1493094,28-Aug-13,M6H,71.0
1493095,05-Sep-13,M6P,19.0
1493133,06-Sep-13,M6P,5.00
1493138,29-Aug-13,M8Z,<0.500
1493155,06-Sep-13,M1N,22.0
1493158,11-Sep-13,M1N,2.00
1493185,10-Sep-13,M6P,12.0
1493189,13-Sep-13,M8Y,0.700
1493196,10-Sep-13,M4C,10.0
1493197,05-Sep-13,M4L,3.00
1493198,08-Sep-13,M4E,17.0
1493199,10-Sep-13,M4L,11.0
1493200,04-Sep-13,M6E,10.0
1493201,06-Sep-13,M4C,7.00
1493208,04-Sep-13,M4G,17.0
1493212,13-Sep-13,M4C,9.00
1493213,09-Sep-13,M4J,2.00
1493215,06-Sep-13,M9A,17.0
1493300,05-Sep-13,M6H,<0.500
1494635,03-Sep-13,M4S,15.0
1494636,06-Sep-13,M5M,7.00
1494659,03-Sep-13,M4P,<0.500
1494675,16-Sep-13,M3H,<0.500
1494677,09-Sep-13,M4G,6.00
1494679,09-Sep-13,M2R,<0.500
1496060,17-Sep-13,M4J,<0.500
1496061,17-Sep-13,M4C,20.0
1496070,13-Sep-13,M4C,8.00
1496084,13-Sep-13,M6J,0.600
1496089,16-Sep-13,M4J,5.00
1496092,17-Sep-13,M4M,3.00
1496094,16-Sep-13,M6P,7.00
1496095,13-Sep-13,M6R,<0.500
1496513,13-Sep-13,M6S,34.0
1496514,14-Sep-13,M4C,<0.500
1496515,17-Sep-13,M4C,9.00
1498574,23-Sep-13,M4C,0.540
1498575,26-Sep-13,M4C,1.10
1498678,24-Sep-13,M4J,0.110
1498679,20-Sep-13,M4E,0.0610
1498680,21-Sep-13,M4J,0.0610
1498681,24-Sep-13,M4E,0.220
1498682,23-Sep-13,M4B,24.0
1498683,25-Sep-13,M4E,12.0
1499625,16-Sep-13,M2R,0.180
1499626,25-Sep-13,M6E,2.00
1499627,26-Sep-13,M2M,0.0770
1500099,18-Sep-13,M6P,<0.0500
1500100,30-Sep-13,M9B,0.200
1500101,24-Sep-13,M6E,5.10
1500102,23-Sep-13,M9C,0.120
1500115,07-Sep-13,M6H,4.70
1500116,24-Sep-13,M6E,22.0
1500130,19-Sep-13,M8V,0.130
1500145,27-Sep-13,M6P,0.330
1500148,18-Sep-13,M8W,14.0
1500149,20-Sep-13,M6P,0.800
1500150,24-Sep-13,M6R,0.360
1501741,02-Oct-13,M4J,0.140
1501833,30-Sep-13,M4J,1.80
1501846,01-Oct-13,M4G,0.210
1501847,03-Oct-13,M4B,0.370
1501849,01-Oct-13,M4M,0.0940
1502020,01-Oct-13,M4L,4.10
1504856,03-Oct-13,M1N,25.0
1504857,07-Oct-13,M4B,0.750
1504868,03-Oct-13,M1N,6.10
1504870,09-Oct-13,M5R,0.530
1504882,04-Oct-13,M5V,0.170
1504905,08-Oct-13,M5S,3.40
1505154,29-Aug-13,M4M,18.0
1505155,29-Aug-13,M5M,0.290
1505156,29-Aug-13,M3H,0.0910
1505157,04-Sep-13,M4M,5.90
1505158,05-Sep-13,M4L,7.90
1505233,11-Sep-13,M4C,7.70
1505239,08-Sep-13,M4L,0.770
1505243,04-Sep-13,M5S,0.220
1505244,10-Sep-13,M5N,0.270
1505245,12-Sep-13,M6H,2.90
1505247,12-Sep-13,M6G,12.0
1505250,16-Sep-13,M6S,1.20
1505252,17-Sep-13,M4L,2.70
1505253,29-Sep-13,M6G,1.80
1505254,18-Sep-13,M6H,2.40
1505255,23-Sep-13,M6S,6.50
1505256,29-Sep-13,M4L,15.0
1505257,29-Sep-13,M6B,0.410
1505258,23-Sep-13,M5M,0.280
1505263,09-Oct-13,M1N,14.0
1505271,10-Oct-13,M6G,54.0
1505274,04-Oct-13,M5N,3.60
1505275,10-Oct-13,M4N,17.0
1505276,23-Sep-13,M6S,0.290
1505277,28-Sep-13,M4T,13.0
1505278,24-Sep-13,M4C,10.0
1505282,09-Oct-13,M6S,0.400
1505283,03-Oct-13,M6J,4.30
1505291,08-Oct-13,M4B,0.400
1505292,04-Oct-13,M5T,4.00
1505302,01-Oct-13,M4R,13.0
1505321,05-Sep-13,M4L,0.600
1505322,07-Oct-13,M5N,2.90
1505328,09-Sep-13,M4J,22.0
1505330,02-Sep-13,M6H,0.640
1505339,01-Sep-13,M6J,13.0
1505340,16-Oct-13,M4W,1.70
1505341,03-Sep-13,M4X,0.310
1505342,11-Oct-13,M5N,0.350
1505558,11-Oct-13,M6S,0.930
1505559,02-Oct-13,M9A,0.150
1505560,11-Oct-13,M6S,0.640
1505567,07-Oct-13,M6R,1.30
1505568,02-Oct-13,M8Y,0.0850
1505569,10-Oct-13,M6K,14.0
1506672,17-Oct-13,M4C,16.0
1509366,21-Oct-13,M5S,12.0
1509367,21-Oct-13,M4J,1.30
1510695,16-Oct-13,M9W,7.10
1510705,16-Oct-13,M4G,19.0
1510734,18-Oct-13,M4P,0.180
1510744,22-Oct-13,M4R,8.50
1510745,22-Oct-13,M6A,0.100
1510777,15-Oct-13,M4P,0.0710
1511129,15-Oct-13,M9B,0.120
1511130,20-Oct-13,M8V,0.640
1511146,17-Oct-13,M6M,16.0
1511169,24-Oct-13,M8Y,0.210
1511170,21-Oct-13,M6J,5.20
1511171,28-Oct-13,M6P,0.150
1511181,25-Oct-13,M6P,16.0
1511182,22-Oct-13,M8Y,<0.0500
1511189,28-Oct-13,M6E,2.80
1511190,20-Oct-13,M9R,0.210
1512061,25-Oct-13,M4E,8.30
1512062,23-Oct-13,M5A,0.110
1512063,20-Oct-13,M5M,0.0550
1512064,16-Oct-13,M4L,0.0780
1512070,25-Oct-13,M4P,2.50
1512074,17-Oct-13,M6J,11.0
1512089,28-Oct-13,M5A,2.20
1512090,16-Oct-13,M4M,0.690
1512092,21-Oct-13,M6S,10.0
1512093,18-Oct-13,M6J,1.40
1512094,17-Oct-13,M4C,5.10
1512095,22-Oct-13,M6K,1.10
1512096,28-Oct-13,M4Y,25.0
1512103,26-Oct-13,M6P,1.50
1512104,24-Oct-13,M6G,20.0
1512119,30-Oct-13,M4M,3.10
1512136,30-Oct-13,M4J,6.40
1512137,24-Oct-13,M4L,9.90
1512138,22-Oct-13,M5M,19.0
1512143,25-Oct-13,M6G,1.40
1512144,21-Oct-13,M6R,2100
1512145,28-Oct-13,M6K,11.0
1512152,21-Oct-13,M6J,0.340
1512155,25-Oct-13,M6H,4.80
1513322,03-Nov-13,M1E,0.100
1513484,01-Nov-13,M6G,0.0580
1514676,04-Nov-13,M4C,4.70
1514677,30-Oct-13,M4K,6.50
1514680,01-Nov-13,M4J,0.580
1514681,06-Nov-13,M4L,4.20
1515588,06-Nov-13,M5P,0.220
1515589,31-Oct-13,M3H,0.100
1515595,29-Oct-13,M4N,1.70
1515971,03-Nov-13,M6R,3.70
1515986,02-Nov-13,M8Y,6.50
1515987,06-Nov-13,M6S,1.60
1515988,06-Nov-13,M9B,0.250
1517077,30-Oct-13,M6E,0.100
1517289,13-Nov-13,M4J,0.220
1517294,13-Nov-13,M4C,0.0670
1517295,07-Nov-13,M4K,50.0
1517432,13-Nov-13,M4G,0.230
1517434,14-Nov-13,M4M,1.50
1517435,11-Nov-13,M4C,6.50
1517436,12-Nov-13,M4L,1.20
1518419,01-Nov-13,M6G,2.80
1518420,08-Nov-13,M6N,1.80
1518421,06-Nov-13,M6G,0.930
1518424,18-Nov-13,M6C,43.0
1518510,16-Nov-13,M4J,5.50
1518511,07-Nov-13,M4N,4.00
1518512,03-Nov-13,M4M,0.0960
1518515,08-Nov-13,M4M,2.10
1518516,15-Nov-13,M4W,3.00
1518544,12-Nov-13,M6C,6.40
1518546,13-Nov-13,M6H,5.00
1518578,05-Nov-13,M4E,<0.0500
1518579,18-Nov-13,M1N,31.0
1518580,08-Nov-13,M4C,0.680
1518581,04-Nov-13,M4K,3.40
1518582,11-Nov-13,M4E,0.230
1518583,19-Nov-13,M4W,0.0980
1518834,20-Nov-13,M8Y,0.140
1518848,17-Nov-13,M4C,0.570
1518849,20-Nov-13,M4E,4.50
1518850,20-Nov-13,M4J,6.80
1519708,12-Oct-13,M5P,3.30
1519711,14-Nov-13,M5M,0.150
1519726,21-Nov-13,M6C,0.120
1519731,21-Nov-13,M2N,3.40
1521011,22-Nov-13,M4G,5.90
1521418,20-Nov-13,M6N,5.40
1521421,20-Nov-13,M6P,9.10
1521424,11-Nov-13,M6M,0.0610
1521440,25-Nov-13,M6E,13.0
1521457,14-Nov-13,M6H,0.480
1521458,20-Nov-13,M6P,0.0680
1521459,21-Nov-13,M8Y,0.480
1525189,28-Nov-13,M4J,0.0960
1525193,27-Nov-13,M4L,8.00
1525194,22-Nov-13,M4M,2.10
1525195,28-Nov-13,M4L,2.70
1525196,25-Nov-13,M4J,4.90
1525197,25-Nov-13,M1N,14.0
1525198,03-Dec-13,M1L,11.0
1525199,27-Nov-13,M4C,0.130
1525207,21-Nov-13,M4J,3.30
1525208,25-Nov-13,M4M,0.180
1525209,23-Nov-13,M4C,0.270
1525210,05-Dec-13,M4J,1.10
1525217,03-Dec-13,M4J,0.0770
1526049,04-Dec-13,M4E,1.50
1526053,02-Dec-13,M6J,<0.0500
1526055,19-Nov-13,M5R,4.40
1526069,22-Nov-13,M4M,1.90
1526074,16-Nov-13,M4K,29.0
1526077,25-Nov-13,M6C,4.70
1526082,26-Nov-13,M6G,8.70
1526102,29-Nov-13,M4L,13.0
1527807,30-Nov-13,M4L,0.510
1527814,11-Dec-13,M6P,28.0
1527815,10-Dec-13,M6H,2.20
1527816,29-Nov-13,M9A,0.120
1527839,18-Nov-13,M6R,0.820
1528964,09-Dec-13,M5M,6.10
1528966,26-Nov-13,M4R,0.460
1528970,03-Dec-13,M6C,0.190
1528972,05-Dec-13,M2N,0.380
1530483,20-Dec-13,M4L,0.290
1530484,13-Dec-13,M4W,0.320
1530537,11-Dec-13,M4C,0.560
1530538,06-Dec-13,M1N,9.20
1530539,06-Dec-13,M4B,0.310
1532503,13-Dec-13,M6G,0.0710
1532518,19-Dec-13,M4C,0.240
1532533,10-Dec-13,M6G,3.60
1532534,17-Dec-13,M8V,6.50
1532535,09-Dec-13,M6E,2.50
1532538,04-Dec-13,M4K,0.930
1532539,17-Dec-13,M4C,0.970
1533602,30-Dec-13,M4L,4.70
1533603,27-Dec-13,M4J,10.0
1534029,18-Dec-13,M5M,0.680
1535433,20-Dec-13,M5R,0.110
1535462,29-Dec-13,M5R,0.620
1536623,13-Dec-13,M6S,1.10
1536624,17-Dec-13,M6H,2.00
1536663,23-Dec-13,M6C,5.20
